[{"model": "admin.logentry", "pk": 1, "fields": {"action_time": "2025-02-03T16:23:53.035Z", "user": 1, "content_type": 11, "object_id": "1", "object_repr": "Contact object (1)", "action_flag": 1, "change_message": "[{\"added\": {}}]"}}, {"model": "admin.logentry", "pk": 2, "fields": {"action_time": "2025-02-04T15:35:11.909Z", "user": 1, "content_type": 6, "object_id": "1", "object_repr": "admin", "action_flag": 2, "change_message": "[{\"changed\": {\"fields\": [\"First Name\", \"Email\", \"Gender\"]}}]"}}, {"model": "admin.logentry", "pk": 3, "fields": {"action_time": "2025-02-04T16:07:51.658Z", "user": 1, "content_type": 7, "object_id": "1", "object_repr": "medical", "action_flag": 1, "change_message": "[{\"added\": {}}]"}}, {"model": "admin.logentry", "pk": 4, "fields": {"action_time": "2025-02-04T16:07:57.491Z", "user": 1, "content_type": 7, "object_id": "1", "object_repr": "medical", "action_flag": 2, "change_message": "[]"}}, {"model": "admin.logentry", "pk": 5, "fields": {"action_time": "2025-02-04T16:08:13.870Z", "user": 1, "content_type": 8, "object_id": "1", "object_repr": "asdasd", "action_flag": 1, "change_message": "[{\"added\": {}}]"}}, {"model": "admin.logentry", "pk": 36, "fields": {"action_time": "2025-02-05T10:16:55.112Z", "user": 1, "content_type": 10, "object_id": "1", "object_repr": "Cardiogram", "action_flag": 1, "change_message": "[{\"added\": {}}]"}}, {"model": "admin.logentry", "pk": 37, "fields": {"action_time": "2025-02-05T10:17:09.701Z", "user": 1, "content_type": 10, "object_id": "2", "object_repr": "Scalpel Instrument", "action_flag": 1, "change_message": "[{\"added\": {}}]"}}, {"model": "admin.logentry", "pk": 38, "fields": {"action_time": "2025-02-05T10:18:14.433Z", "user": 1, "content_type": 10, "object_id": "3", "object_repr": "Microscope", "action_flag": 1, "change_message": "[{\"added\": {}}]"}}, {"model": "admin.logentry", "pk": 39, "fields": {"action_time": "2025-02-05T10:18:23.684Z", "user": 1, "content_type": 10, "object_id": "4", "object_repr": "First Aid Kit", "action_flag": 1, "change_message": "[{\"added\": {}}]"}}, {"model": "admin.logentry", "pk": 40, "fields": {"action_time": "2025-02-05T10:18:34.050Z", "user": 1, "content_type": 10, "object_id": "5", "object_repr": "Stethoscope", "action_flag": 1, "change_message": "[{\"added\": {}}]"}}, {"model": "admin.logentry", "pk": 41, "fields": {"action_time": "2025-02-05T10:18:43.858Z", "user": 1, "content_type": 10, "object_id": "6", "object_repr": "Thermometer", "action_flag": 1, "change_message": "[{\"added\": {}}]"}}, {"model": "admin.logentry", "pk": 42, "fields": {"action_time": "2025-02-05T10:18:50.899Z", "user": 1, "content_type": 10, "object_id": "7", "object_repr": "Dumbbells", "action_flag": 1, "change_message": "[{\"added\": {}}]"}}, {"model": "admin.logentry", "pk": 43, "fields": {"action_time": "2025-02-05T10:19:00.679Z", "user": 1, "content_type": 10, "object_id": "8", "object_repr": "Notebook", "action_flag": 1, "change_message": "[{\"added\": {}}]"}}, {"model": "admin.logentry", "pk": 44, "fields": {"action_time": "2025-02-05T10:19:22.088Z", "user": 1, "content_type": 10, "object_id": "9", "object_repr": "Wheelchair", "action_flag": 1, "change_message": "[{\"added\": {}}]"}}, {"model": "admin.logentry", "pk": 45, "fields": {"action_time": "2025-02-05T10:19:29.549Z", "user": 1, "content_type": 10, "object_id": "10", "object_repr": "Syringe", "action_flag": 1, "change_message": "[{\"added\": {}}]"}}, {"model": "admin.logentry", "pk": 46, "fields": {"action_time": "2025-02-05T10:19:42.348Z", "user": 1, "content_type": 10, "object_id": "11", "object_repr": "Weighing Scale", "action_flag": 1, "change_message": "[{\"added\": {}}]"}}, {"model": "admin.logentry", "pk": 47, "fields": {"action_time": "2025-02-05T10:24:18.424Z", "user": 1, "content_type": 10, "object_id": "11", "object_repr": "Weighing Scale", "action_flag": 3, "change_message": ""}}, {"model": "admin.logentry", "pk": 48, "fields": {"action_time": "2025-02-05T10:24:18.424Z", "user": 1, "content_type": 10, "object_id": "10", "object_repr": "Syringe", "action_flag": 3, "change_message": ""}}, {"model": "admin.logentry", "pk": 49, "fields": {"action_time": "2025-02-05T10:24:18.424Z", "user": 1, "content_type": 10, "object_id": "9", "object_repr": "Wheelchair", "action_flag": 3, "change_message": ""}}, {"model": "admin.logentry", "pk": 50, "fields": {"action_time": "2025-02-05T10:24:18.424Z", "user": 1, "content_type": 10, "object_id": "8", "object_repr": "Notebook", "action_flag": 3, "change_message": ""}}, {"model": "admin.logentry", "pk": 51, "fields": {"action_time": "2025-02-05T10:24:18.424Z", "user": 1, "content_type": 10, "object_id": "7", "object_repr": "Dumbbells", "action_flag": 3, "change_message": ""}}, {"model": "admin.logentry", "pk": 52, "fields": {"action_time": "2025-02-05T10:24:18.424Z", "user": 1, "content_type": 10, "object_id": "6", "object_repr": "Thermometer", "action_flag": 3, "change_message": ""}}, {"model": "admin.logentry", "pk": 53, "fields": {"action_time": "2025-02-05T10:24:18.424Z", "user": 1, "content_type": 10, "object_id": "5", "object_repr": "Stethoscope", "action_flag": 3, "change_message": ""}}, {"model": "admin.logentry", "pk": 54, "fields": {"action_time": "2025-02-05T10:24:18.424Z", "user": 1, "content_type": 10, "object_id": "4", "object_repr": "First Aid Kit", "action_flag": 3, "change_message": ""}}, {"model": "admin.logentry", "pk": 55, "fields": {"action_time": "2025-02-05T10:24:18.425Z", "user": 1, "content_type": 10, "object_id": "3", "object_repr": "Microscope", "action_flag": 3, "change_message": ""}}, {"model": "admin.logentry", "pk": 56, "fields": {"action_time": "2025-02-05T10:24:18.425Z", "user": 1, "content_type": 10, "object_id": "2", "object_repr": "Scalpel Instrument", "action_flag": 3, "change_message": ""}}, {"model": "admin.logentry", "pk": 57, "fields": {"action_time": "2025-02-05T10:24:18.425Z", "user": 1, "content_type": 10, "object_id": "1", "object_repr": "Cardiogram", "action_flag": 3, "change_message": ""}}, {"model": "admin.logentry", "pk": 58, "fields": {"action_time": "2025-02-05T10:47:06.388Z", "user": 1, "content_type": 12, "object_id": "79", "object_repr": "Weighing Scale - Mechanical Bathroom Scale", "action_flag": 3, "change_message": ""}}, {"model": "admin.logentry", "pk": 59, "fields": {"action_time": "2025-02-05T10:47:06.388Z", "user": 1, "content_type": 12, "object_id": "78", "object_repr": "Weighing Scale - Digital Body Weight Scale", "action_flag": 3, "change_message": ""}}, {"model": "admin.logentry", "pk": 60, "fields": {"action_time": "2025-02-05T10:47:06.388Z", "user": 1, "content_type": 12, "object_id": "77", "object_repr": "Syringe - Insulin Syringes", "action_flag": 3, "change_message": ""}}, {"model": "admin.logentry", "pk": 61, "fields": {"action_time": "2025-02-05T10:47:06.388Z", "user": 1, "content_type": 12, "object_id": "76", "object_repr": "Syringe - Sterile Disposable Syringes", "action_flag": 3, "change_message": ""}}, {"model": "admin.logentry", "pk": 62, "fields": {"action_time": "2025-02-05T10:47:06.388Z", "user": 1, "content_type": 12, "object_id": "75", "object_repr": "Wheelchair - Electric Wheelchair", "action_flag": 3, "change_message": ""}}, {"model": "admin.logentry", "pk": 63, "fields": {"action_time": "2025-02-05T10:47:06.389Z", "user": 1, "content_type": 12, "object_id": "74", "object_repr": "Wheelchair - Foldable Lightweight Wheelchair", "action_flag": 3, "change_message": ""}}, {"model": "admin.logentry", "pk": 64, "fields": {"action_time": "2025-02-05T10:47:06.389Z", "user": 1, "content_type": 12, "object_id": "73", "object_repr": "Notebook - Pocket-size Notebook", "action_flag": 3, "change_message": ""}}, {"model": "admin.logentry", "pk": 65, "fields": {"action_time": "2025-02-05T10:47:06.389Z", "user": 1, "content_type": 12, "object_id": "72", "object_repr": "Notebook - Medical Research Notebook", "action_flag": 3, "change_message": ""}}, {"model": "admin.logentry", "pk": 66, "fields": {"action_time": "2025-02-05T10:47:06.389Z", "user": 1, "content_type": 12, "object_id": "71", "object_repr": "Dumbbells - Rubber Coated Hex Dumbbells", "action_flag": 3, "change_message": ""}}, {"model": "admin.logentry", "pk": 67, "fields": {"action_time": "2025-02-05T10:47:06.389Z", "user": 1, "content_type": 12, "object_id": "70", "object_repr": "Dumbbells - Adjustable Dumbbell Set", "action_flag": 3, "change_message": ""}}, {"model": "admin.logentry", "pk": 68, "fields": {"action_time": "2025-02-05T10:47:06.389Z", "user": 1, "content_type": 12, "object_id": "69", "object_repr": "Thermometer - Classic Mercury Thermometer", "action_flag": 3, "change_message": ""}}, {"model": "admin.logentry", "pk": 69, "fields": {"action_time": "2025-02-05T10:47:06.389Z", "user": 1, "content_type": 12, "object_id": "68", "object_repr": "Thermometer - Infrared Forehead Thermometer", "action_flag": 3, "change_message": ""}}, {"model": "admin.logentry", "pk": 70, "fields": {"action_time": "2025-02-05T10:47:06.389Z", "user": 1, "content_type": 12, "object_id": "67", "object_repr": "Stethoscope - Electronic Digital Stethoscope", "action_flag": 3, "change_message": ""}}, {"model": "admin.logentry", "pk": 71, "fields": {"action_time": "2025-02-05T10:47:06.389Z", "user": 1, "content_type": 12, "object_id": "66", "object_repr": "First Aid Kit - Industrial First Aid Kit", "action_flag": 3, "change_message": ""}}, {"model": "admin.logentry", "pk": 72, "fields": {"action_time": "2025-02-05T10:47:06.389Z", "user": 1, "content_type": 12, "object_id": "65", "object_repr": "First Aid Kit - Basic First Aid Kit", "action_flag": 3, "change_message": ""}}, {"model": "admin.logentry", "pk": 73, "fields": {"action_time": "2025-02-05T10:47:06.389Z", "user": 1, "content_type": 12, "object_id": "64", "object_repr": "Microscope - Biological Research Microscope", "action_flag": 3, "change_message": ""}}, {"model": "admin.logentry", "pk": 74, "fields": {"action_time": "2025-02-05T10:47:06.389Z", "user": 1, "content_type": 12, "object_id": "63", "object_repr": "Microscope - Digital USB Microscope", "action_flag": 3, "change_message": ""}}, {"model": "admin.logentry", "pk": 75, "fields": {"action_time": "2025-02-05T10:47:06.389Z", "user": 1, "content_type": 12, "object_id": "62", "object_repr": "Scalpel Instrument - Ergonomic Surgical Handle", "action_flag": 3, "change_message": ""}}, {"model": "admin.logentry", "pk": 76, "fields": {"action_time": "2025-02-05T10:47:06.389Z", "user": 1, "content_type": 12, "object_id": "61", "object_repr": "Scalpel Instrument - Disposable Scalpel Blades", "action_flag": 3, "change_message": ""}}, {"model": "admin.logentry", "pk": 77, "fields": {"action_time": "2025-02-05T10:47:06.389Z", "user": 1, "content_type": 12, "object_id": "60", "object_repr": "Cardiogram - Wireless Heart Rate Monitor", "action_flag": 3, "change_message": ""}}, {"model": "admin.logentry", "pk": 78, "fields": {"action_time": "2025-02-05T10:47:06.389Z", "user": 1, "content_type": 12, "object_id": "59", "object_repr": "Cardiogram - Portable ECG Monitor", "action_flag": 3, "change_message": ""}}, {"model": "admin.logentry", "pk": 79, "fields": {"action_time": "2025-02-05T10:47:06.389Z", "user": 1, "content_type": 12, "object_id": "27", "object_repr": "Weighing Scale - Mechanical Bathroom Scale", "action_flag": 3, "change_message": ""}}, {"model": "admin.logentry", "pk": 80, "fields": {"action_time": "2025-02-05T10:47:06.389Z", "user": 1, "content_type": 12, "object_id": "26", "object_repr": "Weighing Scale - Digital Body Weight Scale", "action_flag": 3, "change_message": ""}}, {"model": "admin.logentry", "pk": 81, "fields": {"action_time": "2025-02-05T10:47:06.389Z", "user": 1, "content_type": 12, "object_id": "25", "object_repr": "Syringe - Insulin Syringes", "action_flag": 3, "change_message": ""}}, {"model": "admin.logentry", "pk": 82, "fields": {"action_time": "2025-02-05T10:47:06.389Z", "user": 1, "content_type": 12, "object_id": "24", "object_repr": "Syringe - Sterile Disposable Syringes", "action_flag": 3, "change_message": ""}}, {"model": "admin.logentry", "pk": 83, "fields": {"action_time": "2025-02-05T10:47:06.390Z", "user": 1, "content_type": 12, "object_id": "23", "object_repr": "Wheelchair - Electric Wheelchair", "action_flag": 3, "change_message": ""}}, {"model": "admin.logentry", "pk": 84, "fields": {"action_time": "2025-02-05T10:47:06.390Z", "user": 1, "content_type": 12, "object_id": "22", "object_repr": "Wheelchair - Foldable Lightweight Wheelchair", "action_flag": 3, "change_message": ""}}, {"model": "admin.logentry", "pk": 85, "fields": {"action_time": "2025-02-05T10:47:06.390Z", "user": 1, "content_type": 12, "object_id": "21", "object_repr": "Notebook - Pocket-size Notebook", "action_flag": 3, "change_message": ""}}, {"model": "admin.logentry", "pk": 86, "fields": {"action_time": "2025-02-05T10:47:06.390Z", "user": 1, "content_type": 12, "object_id": "20", "object_repr": "Notebook - Medical Research Notebook", "action_flag": 3, "change_message": ""}}, {"model": "admin.logentry", "pk": 87, "fields": {"action_time": "2025-02-05T10:47:06.390Z", "user": 1, "content_type": 12, "object_id": "19", "object_repr": "Dumbbells - Rubber Coated Hex Dumbbells", "action_flag": 3, "change_message": ""}}, {"model": "admin.logentry", "pk": 88, "fields": {"action_time": "2025-02-05T10:47:06.390Z", "user": 1, "content_type": 12, "object_id": "18", "object_repr": "Dumbbells - Adjustable Dumbbell Set", "action_flag": 3, "change_message": ""}}, {"model": "admin.logentry", "pk": 89, "fields": {"action_time": "2025-02-05T10:47:06.390Z", "user": 1, "content_type": 12, "object_id": "17", "object_repr": "Thermometer - Classic Mercury Thermometer", "action_flag": 3, "change_message": ""}}, {"model": "admin.logentry", "pk": 90, "fields": {"action_time": "2025-02-05T10:47:06.390Z", "user": 1, "content_type": 12, "object_id": "16", "object_repr": "Thermometer - Infrared Forehead Thermometer", "action_flag": 3, "change_message": ""}}, {"model": "admin.logentry", "pk": 91, "fields": {"action_time": "2025-02-05T10:47:06.390Z", "user": 1, "content_type": 12, "object_id": "15", "object_repr": "Stethoscope - Electronic Digital Stethoscope", "action_flag": 3, "change_message": ""}}, {"model": "admin.logentry", "pk": 92, "fields": {"action_time": "2025-02-05T10:47:06.390Z", "user": 1, "content_type": 12, "object_id": "14", "object_repr": "First Aid Kit - Industrial First Aid Kit", "action_flag": 3, "change_message": ""}}, {"model": "admin.logentry", "pk": 93, "fields": {"action_time": "2025-02-05T10:47:06.390Z", "user": 1, "content_type": 12, "object_id": "13", "object_repr": "First Aid Kit - Basic First Aid Kit", "action_flag": 3, "change_message": ""}}, {"model": "admin.logentry", "pk": 94, "fields": {"action_time": "2025-02-05T10:47:06.390Z", "user": 1, "content_type": 12, "object_id": "12", "object_repr": "Microscope - Biological Research Microscope", "action_flag": 3, "change_message": ""}}, {"model": "admin.logentry", "pk": 95, "fields": {"action_time": "2025-02-05T10:47:06.390Z", "user": 1, "content_type": 12, "object_id": "11", "object_repr": "Microscope - Digital USB Microscope", "action_flag": 3, "change_message": ""}}, {"model": "admin.logentry", "pk": 96, "fields": {"action_time": "2025-02-05T10:47:06.390Z", "user": 1, "content_type": 12, "object_id": "10", "object_repr": "Scalpel Instrument - Ergonomic Surgical Handle", "action_flag": 3, "change_message": ""}}, {"model": "admin.logentry", "pk": 97, "fields": {"action_time": "2025-02-05T10:47:06.390Z", "user": 1, "content_type": 12, "object_id": "9", "object_repr": "Scalpel Instrument - Disposable Scalpel Blades", "action_flag": 3, "change_message": ""}}, {"model": "admin.logentry", "pk": 98, "fields": {"action_time": "2025-02-05T10:47:06.390Z", "user": 1, "content_type": 12, "object_id": "8", "object_repr": "Cardiogram - Wireless Heart Rate Monitor", "action_flag": 3, "change_message": ""}}, {"model": "admin.logentry", "pk": 99, "fields": {"action_time": "2025-02-05T10:47:06.390Z", "user": 1, "content_type": 12, "object_id": "7", "object_repr": "Cardiogram - Portable ECG Monitor", "action_flag": 3, "change_message": ""}}, {"model": "admin.logentry", "pk": 100, "fields": {"action_time": "2025-02-05T10:47:06.390Z", "user": 1, "content_type": 12, "object_id": "6", "object_repr": "Stethoscope - Classic Acoustic Stethoscope", "action_flag": 3, "change_message": ""}}, {"model": "admin.logentry", "pk": 101, "fields": {"action_time": "2025-02-05T10:47:06.390Z", "user": 1, "content_type": 12, "object_id": "5", "object_repr": "First Aid Kit - Emergency Medical Kit", "action_flag": 3, "change_message": ""}}, {"model": "admin.logentry", "pk": 102, "fields": {"action_time": "2025-02-05T10:47:06.390Z", "user": 1, "content_type": 12, "object_id": "4", "object_repr": "Microscope - Binocular Laboratory Microscope", "action_flag": 3, "change_message": ""}}, {"model": "admin.logentry", "pk": 103, "fields": {"action_time": "2025-02-05T10:47:06.390Z", "user": 1, "content_type": 12, "object_id": "3", "object_repr": "Scalpel Instrument - Stainless Steel Scalpel Set", "action_flag": 3, "change_message": ""}}, {"model": "admin.logentry", "pk": 104, "fields": {"action_time": "2025-02-05T10:47:06.390Z", "user": 1, "content_type": 12, "object_id": "2", "object_repr": "Cardiogram - Digital ECG Machine", "action_flag": 3, "change_message": ""}}, {"model": "admin.logentry", "pk": 105, "fields": {"action_time": "2025-02-05T10:53:10.882Z", "user": 1, "content_type": 12, "object_id": "100", "object_repr": "Weighing Scale - Mechanical Bathroom Scale", "action_flag": 3, "change_message": ""}}, {"model": "admin.logentry", "pk": 106, "fields": {"action_time": "2025-02-05T10:53:10.882Z", "user": 1, "content_type": 12, "object_id": "99", "object_repr": "Weighing Scale - Digital Body Weight Scale", "action_flag": 3, "change_message": ""}}, {"model": "admin.logentry", "pk": 107, "fields": {"action_time": "2025-02-05T10:53:10.882Z", "user": 1, "content_type": 12, "object_id": "98", "object_repr": "Syringe - Insulin Syringes", "action_flag": 3, "change_message": ""}}, {"model": "admin.logentry", "pk": 108, "fields": {"action_time": "2025-02-05T10:53:10.882Z", "user": 1, "content_type": 12, "object_id": "97", "object_repr": "Syringe - Sterile Disposable Syringes", "action_flag": 3, "change_message": ""}}, {"model": "admin.logentry", "pk": 109, "fields": {"action_time": "2025-02-05T10:53:10.882Z", "user": 1, "content_type": 12, "object_id": "96", "object_repr": "Wheelchair - Electric Wheelchair", "action_flag": 3, "change_message": ""}}, {"model": "admin.logentry", "pk": 110, "fields": {"action_time": "2025-02-05T10:53:10.882Z", "user": 1, "content_type": 12, "object_id": "95", "object_repr": "Wheelchair - Foldable Lightweight Wheelchair", "action_flag": 3, "change_message": ""}}, {"model": "admin.logentry", "pk": 111, "fields": {"action_time": "2025-02-05T10:53:10.882Z", "user": 1, "content_type": 12, "object_id": "94", "object_repr": "Notebook - Pocket-size Notebook", "action_flag": 3, "change_message": ""}}, {"model": "admin.logentry", "pk": 112, "fields": {"action_time": "2025-02-05T10:53:10.882Z", "user": 1, "content_type": 12, "object_id": "93", "object_repr": "Notebook - Medical Research Notebook", "action_flag": 3, "change_message": ""}}, {"model": "admin.logentry", "pk": 113, "fields": {"action_time": "2025-02-05T10:53:10.882Z", "user": 1, "content_type": 12, "object_id": "92", "object_repr": "Dumbbells - Rubber Coated Hex Dumbbells", "action_flag": 3, "change_message": ""}}, {"model": "admin.logentry", "pk": 114, "fields": {"action_time": "2025-02-05T10:53:10.882Z", "user": 1, "content_type": 12, "object_id": "91", "object_repr": "Dumbbells - Adjustable Dumbbell Set", "action_flag": 3, "change_message": ""}}, {"model": "admin.logentry", "pk": 115, "fields": {"action_time": "2025-02-05T10:53:10.882Z", "user": 1, "content_type": 12, "object_id": "90", "object_repr": "Thermometer - Classic Mercury Thermometer", "action_flag": 3, "change_message": ""}}, {"model": "admin.logentry", "pk": 116, "fields": {"action_time": "2025-02-05T10:53:10.883Z", "user": 1, "content_type": 12, "object_id": "89", "object_repr": "Thermometer - Infrared Forehead Thermometer", "action_flag": 3, "change_message": ""}}, {"model": "admin.logentry", "pk": 117, "fields": {"action_time": "2025-02-05T10:53:10.883Z", "user": 1, "content_type": 12, "object_id": "88", "object_repr": "Stethoscope - Electronic Digital Stethoscope", "action_flag": 3, "change_message": ""}}, {"model": "admin.logentry", "pk": 118, "fields": {"action_time": "2025-02-05T10:53:10.883Z", "user": 1, "content_type": 12, "object_id": "87", "object_repr": "First Aid Kit - Industrial First Aid Kit", "action_flag": 3, "change_message": ""}}, {"model": "admin.logentry", "pk": 119, "fields": {"action_time": "2025-02-05T10:53:10.883Z", "user": 1, "content_type": 12, "object_id": "86", "object_repr": "First Aid Kit - Basic First Aid Kit", "action_flag": 3, "change_message": ""}}, {"model": "admin.logentry", "pk": 120, "fields": {"action_time": "2025-02-05T10:53:10.883Z", "user": 1, "content_type": 12, "object_id": "85", "object_repr": "Microscope - Biological Research Microscope", "action_flag": 3, "change_message": ""}}, {"model": "admin.logentry", "pk": 121, "fields": {"action_time": "2025-02-05T10:53:10.883Z", "user": 1, "content_type": 12, "object_id": "84", "object_repr": "Microscope - Digital USB Microscope", "action_flag": 3, "change_message": ""}}, {"model": "admin.logentry", "pk": 122, "fields": {"action_time": "2025-02-05T10:53:10.883Z", "user": 1, "content_type": 12, "object_id": "83", "object_repr": "Scalpel Instrument - Ergonomic Surgical Handle", "action_flag": 3, "change_message": ""}}, {"model": "admin.logentry", "pk": 123, "fields": {"action_time": "2025-02-05T10:53:10.883Z", "user": 1, "content_type": 12, "object_id": "82", "object_repr": "Scalpel Instrument - Disposable Scalpel Blades", "action_flag": 3, "change_message": ""}}, {"model": "admin.logentry", "pk": 124, "fields": {"action_time": "2025-02-05T10:53:10.883Z", "user": 1, "content_type": 12, "object_id": "81", "object_repr": "Cardiogram - Wireless Heart Rate Monitor", "action_flag": 3, "change_message": ""}}, {"model": "admin.logentry", "pk": 125, "fields": {"action_time": "2025-02-05T10:53:10.883Z", "user": 1, "content_type": 12, "object_id": "80", "object_repr": "Cardiogram - Portable ECG Monitor", "action_flag": 3, "change_message": ""}}, {"model": "admin.logentry", "pk": 126, "fields": {"action_time": "2025-02-05T10:58:14.498Z", "user": 1, "content_type": 10, "object_id": "22", "object_repr": "Weighing Scale", "action_flag": 3, "change_message": ""}}, {"model": "admin.logentry", "pk": 127, "fields": {"action_time": "2025-02-05T10:58:14.498Z", "user": 1, "content_type": 10, "object_id": "21", "object_repr": "Syringe", "action_flag": 3, "change_message": ""}}, {"model": "admin.logentry", "pk": 128, "fields": {"action_time": "2025-02-05T10:58:14.498Z", "user": 1, "content_type": 10, "object_id": "20", "object_repr": "Wheelchair", "action_flag": 3, "change_message": ""}}, {"model": "admin.logentry", "pk": 129, "fields": {"action_time": "2025-02-05T10:58:14.498Z", "user": 1, "content_type": 10, "object_id": "19", "object_repr": "Notebook", "action_flag": 3, "change_message": ""}}, {"model": "admin.logentry", "pk": 130, "fields": {"action_time": "2025-02-05T10:58:14.498Z", "user": 1, "content_type": 10, "object_id": "18", "object_repr": "Dumbbells", "action_flag": 3, "change_message": ""}}, {"model": "admin.logentry", "pk": 131, "fields": {"action_time": "2025-02-05T10:58:14.498Z", "user": 1, "content_type": 10, "object_id": "17", "object_repr": "Thermometer", "action_flag": 3, "change_message": ""}}, {"model": "admin.logentry", "pk": 132, "fields": {"action_time": "2025-02-05T10:58:14.498Z", "user": 1, "content_type": 10, "object_id": "16", "object_repr": "Stethoscope", "action_flag": 3, "change_message": ""}}, {"model": "admin.logentry", "pk": 133, "fields": {"action_time": "2025-02-05T10:58:14.498Z", "user": 1, "content_type": 10, "object_id": "15", "object_repr": "First Aid Kit", "action_flag": 3, "change_message": ""}}, {"model": "admin.logentry", "pk": 134, "fields": {"action_time": "2025-02-05T10:58:14.498Z", "user": 1, "content_type": 10, "object_id": "14", "object_repr": "Microscope", "action_flag": 3, "change_message": ""}}, {"model": "admin.logentry", "pk": 135, "fields": {"action_time": "2025-02-05T10:58:14.498Z", "user": 1, "content_type": 10, "object_id": "13", "object_repr": "Scalpel Instrument", "action_flag": 3, "change_message": ""}}, {"model": "admin.logentry", "pk": 136, "fields": {"action_time": "2025-02-05T10:58:14.498Z", "user": 1, "content_type": 10, "object_id": "12", "object_repr": "Cardiogram", "action_flag": 3, "change_message": ""}}, {"model": "admin.logentry", "pk": 137, "fields": {"action_time": "2025-02-05T11:06:50.118Z", "user": 1, "content_type": 12, "object_id": "121", "object_repr": "Weighing Scale - Mechanical Bathroom Scale", "action_flag": 3, "change_message": ""}}, {"model": "admin.logentry", "pk": 138, "fields": {"action_time": "2025-02-05T11:06:50.118Z", "user": 1, "content_type": 12, "object_id": "120", "object_repr": "Weighing Scale - Digital Body Weight Scale", "action_flag": 3, "change_message": ""}}, {"model": "admin.logentry", "pk": 139, "fields": {"action_time": "2025-02-05T11:06:50.118Z", "user": 1, "content_type": 12, "object_id": "119", "object_repr": "Syringe - Insulin Syringes", "action_flag": 3, "change_message": ""}}, {"model": "admin.logentry", "pk": 140, "fields": {"action_time": "2025-02-05T11:06:50.118Z", "user": 1, "content_type": 12, "object_id": "118", "object_repr": "Syringe - Sterile Disposable Syringes", "action_flag": 3, "change_message": ""}}, {"model": "admin.logentry", "pk": 141, "fields": {"action_time": "2025-02-05T11:06:50.118Z", "user": 1, "content_type": 12, "object_id": "117", "object_repr": "Wheelchair - Electric Wheelchair", "action_flag": 3, "change_message": ""}}, {"model": "admin.logentry", "pk": 142, "fields": {"action_time": "2025-02-05T11:06:50.118Z", "user": 1, "content_type": 12, "object_id": "116", "object_repr": "Wheelchair - Foldable Lightweight Wheelchair", "action_flag": 3, "change_message": ""}}, {"model": "admin.logentry", "pk": 143, "fields": {"action_time": "2025-02-05T11:06:50.118Z", "user": 1, "content_type": 12, "object_id": "115", "object_repr": "Notebook - Pocket-size Notebook", "action_flag": 3, "change_message": ""}}, {"model": "admin.logentry", "pk": 144, "fields": {"action_time": "2025-02-05T11:06:50.118Z", "user": 1, "content_type": 12, "object_id": "114", "object_repr": "Notebook - Medical Research Notebook", "action_flag": 3, "change_message": ""}}, {"model": "admin.logentry", "pk": 145, "fields": {"action_time": "2025-02-05T11:06:50.118Z", "user": 1, "content_type": 12, "object_id": "113", "object_repr": "Dumbbells - Rubber Coated Hex Dumbbells", "action_flag": 3, "change_message": ""}}, {"model": "admin.logentry", "pk": 146, "fields": {"action_time": "2025-02-05T11:06:50.119Z", "user": 1, "content_type": 12, "object_id": "112", "object_repr": "Dumbbells - Adjustable Dumbbell Set", "action_flag": 3, "change_message": ""}}, {"model": "admin.logentry", "pk": 147, "fields": {"action_time": "2025-02-05T11:06:50.119Z", "user": 1, "content_type": 12, "object_id": "111", "object_repr": "Thermometer - Classic Mercury Thermometer", "action_flag": 3, "change_message": ""}}, {"model": "admin.logentry", "pk": 148, "fields": {"action_time": "2025-02-05T11:06:50.119Z", "user": 1, "content_type": 12, "object_id": "110", "object_repr": "Thermometer - Infrared Forehead Thermometer", "action_flag": 3, "change_message": ""}}, {"model": "admin.logentry", "pk": 149, "fields": {"action_time": "2025-02-05T11:06:50.119Z", "user": 1, "content_type": 12, "object_id": "109", "object_repr": "Stethoscope - Electronic Digital Stethoscope", "action_flag": 3, "change_message": ""}}, {"model": "admin.logentry", "pk": 150, "fields": {"action_time": "2025-02-05T11:06:50.119Z", "user": 1, "content_type": 12, "object_id": "108", "object_repr": "First Aid Kit - Industrial First Aid Kit", "action_flag": 3, "change_message": ""}}, {"model": "admin.logentry", "pk": 151, "fields": {"action_time": "2025-02-05T11:06:50.119Z", "user": 1, "content_type": 12, "object_id": "107", "object_repr": "First Aid Kit - Basic First Aid Kit", "action_flag": 3, "change_message": ""}}, {"model": "admin.logentry", "pk": 152, "fields": {"action_time": "2025-02-05T11:06:50.119Z", "user": 1, "content_type": 12, "object_id": "106", "object_repr": "Microscope - Biological Research Microscope", "action_flag": 3, "change_message": ""}}, {"model": "admin.logentry", "pk": 153, "fields": {"action_time": "2025-02-05T11:06:50.119Z", "user": 1, "content_type": 12, "object_id": "105", "object_repr": "Microscope - Digital USB Microscope", "action_flag": 3, "change_message": ""}}, {"model": "admin.logentry", "pk": 154, "fields": {"action_time": "2025-02-05T11:06:50.119Z", "user": 1, "content_type": 12, "object_id": "104", "object_repr": "Scalpel Instrument - Ergonomic Surgical Handle", "action_flag": 3, "change_message": ""}}, {"model": "admin.logentry", "pk": 155, "fields": {"action_time": "2025-02-05T11:06:50.119Z", "user": 1, "content_type": 12, "object_id": "103", "object_repr": "Scalpel Instrument - Disposable Scalpel Blades", "action_flag": 3, "change_message": ""}}, {"model": "admin.logentry", "pk": 156, "fields": {"action_time": "2025-02-05T11:06:50.119Z", "user": 1, "content_type": 12, "object_id": "102", "object_repr": "Cardiogram - Wireless Heart Rate Monitor", "action_flag": 3, "change_message": ""}}, {"model": "admin.logentry", "pk": 157, "fields": {"action_time": "2025-02-05T11:06:50.119Z", "user": 1, "content_type": 12, "object_id": "101", "object_repr": "Cardiogram - Portable ECG Monitor", "action_flag": 3, "change_message": ""}}, {"model": "admin.logentry", "pk": 158, "fields": {"action_time": "2025-02-05T11:10:00.230Z", "user": 1, "content_type": 10, "object_id": "55", "object_repr": "Weighing Scale - Mechanical Bathroom Scale", "action_flag": 3, "change_message": ""}}, {"model": "admin.logentry", "pk": 159, "fields": {"action_time": "2025-02-05T11:10:00.230Z", "user": 1, "content_type": 10, "object_id": "54", "object_repr": "Weighing Scale - Digital Body Weight Scale", "action_flag": 3, "change_message": ""}}, {"model": "admin.logentry", "pk": 160, "fields": {"action_time": "2025-02-05T11:10:00.230Z", "user": 1, "content_type": 10, "object_id": "53", "object_repr": "Syringe - Insulin Syringes", "action_flag": 3, "change_message": ""}}, {"model": "admin.logentry", "pk": 161, "fields": {"action_time": "2025-02-05T11:10:00.230Z", "user": 1, "content_type": 10, "object_id": "52", "object_repr": "Syringe - Sterile Disposable Syringes", "action_flag": 3, "change_message": ""}}, {"model": "admin.logentry", "pk": 162, "fields": {"action_time": "2025-02-05T11:10:00.230Z", "user": 1, "content_type": 10, "object_id": "51", "object_repr": "Wheelchair - Electric Wheelchair", "action_flag": 3, "change_message": ""}}, {"model": "admin.logentry", "pk": 163, "fields": {"action_time": "2025-02-05T11:10:00.230Z", "user": 1, "content_type": 10, "object_id": "50", "object_repr": "Wheelchair - Foldable Lightweight Wheelchair", "action_flag": 3, "change_message": ""}}, {"model": "admin.logentry", "pk": 164, "fields": {"action_time": "2025-02-05T11:10:00.230Z", "user": 1, "content_type": 10, "object_id": "49", "object_repr": "Notebook - Pocket-size Notebook", "action_flag": 3, "change_message": ""}}, {"model": "admin.logentry", "pk": 165, "fields": {"action_time": "2025-02-05T11:10:00.230Z", "user": 1, "content_type": 10, "object_id": "48", "object_repr": "Notebook - Medical Research Notebook", "action_flag": 3, "change_message": ""}}, {"model": "admin.logentry", "pk": 166, "fields": {"action_time": "2025-02-05T11:10:00.230Z", "user": 1, "content_type": 10, "object_id": "47", "object_repr": "Dumbbells - Rubber Coated Hex Dumbbells", "action_flag": 3, "change_message": ""}}, {"model": "admin.logentry", "pk": 167, "fields": {"action_time": "2025-02-05T11:10:00.230Z", "user": 1, "content_type": 10, "object_id": "46", "object_repr": "Dumbbells - Adjustable Dumbbell Set", "action_flag": 3, "change_message": ""}}, {"model": "admin.logentry", "pk": 168, "fields": {"action_time": "2025-02-05T11:10:00.231Z", "user": 1, "content_type": 10, "object_id": "45", "object_repr": "Thermometer - Classic Mercury Thermometer", "action_flag": 3, "change_message": ""}}, {"model": "admin.logentry", "pk": 169, "fields": {"action_time": "2025-02-05T11:10:00.231Z", "user": 1, "content_type": 10, "object_id": "44", "object_repr": "Thermometer - Infrared Forehead Thermometer", "action_flag": 3, "change_message": ""}}, {"model": "admin.logentry", "pk": 170, "fields": {"action_time": "2025-02-05T11:10:00.231Z", "user": 1, "content_type": 10, "object_id": "43", "object_repr": "Stethoscope - Electronic Digital Stethoscope", "action_flag": 3, "change_message": ""}}, {"model": "admin.logentry", "pk": 171, "fields": {"action_time": "2025-02-05T11:10:00.231Z", "user": 1, "content_type": 10, "object_id": "42", "object_repr": "First Aid Kit - Industrial First Aid Kit", "action_flag": 3, "change_message": ""}}, {"model": "admin.logentry", "pk": 172, "fields": {"action_time": "2025-02-05T11:10:00.231Z", "user": 1, "content_type": 10, "object_id": "41", "object_repr": "First Aid Kit - Basic First Aid Kit", "action_flag": 3, "change_message": ""}}, {"model": "admin.logentry", "pk": 173, "fields": {"action_time": "2025-02-05T11:10:00.231Z", "user": 1, "content_type": 10, "object_id": "40", "object_repr": "Microscope - Biological Research Microscope", "action_flag": 3, "change_message": ""}}, {"model": "admin.logentry", "pk": 174, "fields": {"action_time": "2025-02-05T11:10:00.231Z", "user": 1, "content_type": 10, "object_id": "39", "object_repr": "Microscope - Digital USB Microscope", "action_flag": 3, "change_message": ""}}, {"model": "admin.logentry", "pk": 175, "fields": {"action_time": "2025-02-05T11:10:00.231Z", "user": 1, "content_type": 10, "object_id": "38", "object_repr": "Scalpel Instrument - Ergonomic Surgical Handle", "action_flag": 3, "change_message": ""}}, {"model": "admin.logentry", "pk": 176, "fields": {"action_time": "2025-02-05T11:10:00.231Z", "user": 1, "content_type": 10, "object_id": "37", "object_repr": "Scalpel Instrument - Disposable Scalpel Blades", "action_flag": 3, "change_message": ""}}, {"model": "admin.logentry", "pk": 177, "fields": {"action_time": "2025-02-05T11:10:00.231Z", "user": 1, "content_type": 10, "object_id": "36", "object_repr": "Cardiogram - Wireless Heart Rate Monitor", "action_flag": 3, "change_message": ""}}, {"model": "admin.logentry", "pk": 178, "fields": {"action_time": "2025-02-05T11:10:00.231Z", "user": 1, "content_type": 10, "object_id": "35", "object_repr": "Cardiogram - Portable ECG Monitor", "action_flag": 3, "change_message": ""}}, {"model": "admin.logentry", "pk": 179, "fields": {"action_time": "2025-02-05T15:39:58.562Z", "user": 1, "content_type": 14, "object_id": "1", "object_repr": "Lightweight Foldable Wheelchair", "action_flag": 1, "change_message": "[{\"added\": {}}]"}}, {"model": "admin.logentry", "pk": 180, "fields": {"action_time": "2025-02-05T16:03:38.067Z", "user": 1, "content_type": 15, "object_id": "1", "object_repr": "Lightweight Foldable Wheelchair", "action_flag": 1, "change_message": "[{\"added\": {}}]"}}, {"model": "admin.logentry", "pk": 181, "fields": {"action_time": "2025-02-05T16:03:47.809Z", "user": 1, "content_type": 15, "object_id": "2", "object_repr": "Luxury Reclining Wheelchair", "action_flag": 1, "change_message": "[{\"added\": {}}]"}}, {"model": "admin.logentry", "pk": 182, "fields": {"action_time": "2025-02-05T16:04:58.846Z", "user": 1, "content_type": 17, "object_id": "1", "object_repr": "admin", "action_flag": 1, "change_message": "[{\"added\": {}}]"}}, {"model": "sessions.session", "pk": "olnmfhfzshcdkbmayydzr8d3puziu8xm", "fields": {"session_data": ".eJxVjEEOwiAQRe_C2hBogYJL956BzDCDVA0kpV0Z765NutDtf-_9l4iwrSVunZc4kzgLLU6_G0J6cN0B3aHemkytrsuMclfkQbu8NuLn5XD_Dgr08q1tSMDAyWoNATN745VD49jh5Awp8sHqMEzOabI5j2YMpIag86iQjQLx_gDtxjeq:1teyXF:0Jz2sErBwG4u4I6ReE2aV2BRWH5RrwkUy3R1DpoWA8M", "expire_date": "2025-02-17T15:38:53.112Z"}}, {"model": "account.user", "pk": 1, "fields": {"password": "pbkdf2_sha256$870000$39Oy4LSx1WMI66FwYM39fd$GXgdb8v0uNx4Fah+2WalSOgagILJCS+7jHOLVHGrVGE=", "last_login": "2025-02-03T15:38:53Z", "is_superuser": true, "username": "admin", "is_staff": true, "is_active": true, "date_joined": "2025-02-03T15:36:59Z", "first_name": "admin", "last_name": "", "email": "admin@gmail.com", "phone": "", "image": "", "dob": null, "gender": "Male", "groups": [], "user_permissions": []}}, {"model": "blog.blogcategory", "pk": 1, "fields": {"created_at": "2025-02-04T16:07:51.637Z", "updated_at": "2025-02-04T16:07:57.486Z", "title": "medical"}}, {"model": "blog.blog", "pk": 1, "fields": {"created_at": "2025-02-04T16:08:13.861Z", "updated_at": "2025-02-04T16:08:13.861Z", "category": 1, "title": "asdasd", "description": "lorem"}}, {"model": "core.contact", "pk": 1, "fields": {"created_at": "2025-02-03T16:23:53.017Z", "updated_at": "2025-02-03T16:23:53.017Z", "full_name": null, "message": "asd"}}, {"model": "order.basketitem", "pk": 1, "fields": {"created_at": "2025-02-05T16:03:38.059Z", "updated_at": "2025-02-05T16:03:38.059Z", "product": 140, "quantity": 1}}, {"model": "order.basketitem", "pk": 2, "fields": {"created_at": "2025-02-05T16:03:47.804Z", "updated_at": "2025-02-05T16:03:47.804Z", "product": 147, "quantity": 4}}, {"model": "order.basket", "pk": 1, "fields": {"created_at": "2025-02-05T16:04:58.814Z", "updated_at": "2025-02-05T16:04:58.814Z", "user": 1, "is_active": true, "items": [1, 2]}}, {"model": "product.productcategory", "pk": 24, "fields": {"created_at": "2025-02-05T11:01:15.386Z", "updated_at": "2025-02-05T11:01:15.386Z", "parent": null, "title": "Cardiogram"}}, {"model": "product.productcategory", "pk": 25, "fields": {"created_at": "2025-02-05T11:01:15.386Z", "updated_at": "2025-02-05T11:01:15.386Z", "parent": null, "title": "Scalpel Instrument"}}, {"model": "product.productcategory", "pk": 26, "fields": {"created_at": "2025-02-05T11:01:15.386Z", "updated_at": "2025-02-05T11:01:15.386Z", "parent": null, "title": "Microscope"}}, {"model": "product.productcategory", "pk": 27, "fields": {"created_at": "2025-02-05T11:01:15.386Z", "updated_at": "2025-02-05T11:01:15.386Z", "parent": null, "title": "First Aid Kit"}}, {"model": "product.productcategory", "pk": 28, "fields": {"created_at": "2025-02-05T11:01:15.386Z", "updated_at": "2025-02-05T11:01:15.386Z", "parent": null, "title": "Stethoscope"}}, {"model": "product.productcategory", "pk": 29, "fields": {"created_at": "2025-02-05T11:01:15.386Z", "updated_at": "2025-02-05T11:01:15.386Z", "parent": null, "title": "Thermometer"}}, {"model": "product.productcategory", "pk": 30, "fields": {"created_at": "2025-02-05T11:01:15.386Z", "updated_at": "2025-02-05T11:01:15.386Z", "parent": null, "title": "Dumbbells"}}, {"model": "product.productcategory", "pk": 31, "fields": {"created_at": "2025-02-05T11:01:15.386Z", "updated_at": "2025-02-05T11:01:15.386Z", "parent": null, "title": "Notebook"}}, {"model": "product.productcategory", "pk": 32, "fields": {"created_at": "2025-02-05T11:01:15.386Z", "updated_at": "2025-02-05T11:01:15.386Z", "parent": null, "title": "Wheelchair"}}, {"model": "product.productcategory", "pk": 33, "fields": {"created_at": "2025-02-05T11:01:15.386Z", "updated_at": "2025-02-05T11:01:15.386Z", "parent": null, "title": "Syringe"}}, {"model": "product.productcategory", "pk": 34, "fields": {"created_at": "2025-02-05T11:01:15.386Z", "updated_at": "2025-02-05T11:01:15.386Z", "parent": null, "title": "Weighing Scale"}}, {"model": "product.productcategory", "pk": 67, "fields": {"created_at": "2025-02-05T11:14:03.913Z", "updated_at": "2025-02-05T11:14:03.913Z", "parent": 34, "title": "Digital Weighing Scale"}}, {"model": "product.productcategory", "pk": 68, "fields": {"created_at": "2025-02-05T11:14:03.913Z", "updated_at": "2025-02-05T11:14:03.913Z", "parent": 34, "title": "Mechanical Weighing Scale"}}, {"model": "product.productcategory", "pk": 69, "fields": {"created_at": "2025-02-05T11:14:03.913Z", "updated_at": "2025-02-05T11:14:03.913Z", "parent": 34, "title": "Smart Body Weight Scale"}}, {"model": "product.productcategory", "pk": 70, "fields": {"created_at": "2025-02-05T11:14:03.913Z", "updated_at": "2025-02-05T11:14:03.913Z", "parent": 34, "title": "Bathroom Weighing Scale"}}, {"model": "product.productcategory", "pk": 71, "fields": {"created_at": "2025-02-05T11:14:03.935Z", "updated_at": "2025-02-05T11:14:03.935Z", "parent": 33, "title": "Disposable Syringes"}}, {"model": "product.productcategory", "pk": 72, "fields": {"created_at": "2025-02-05T11:14:03.935Z", "updated_at": "2025-02-05T11:14:03.935Z", "parent": 33, "title": "Insulin Syringes"}}, {"model": "product.productcategory", "pk": 73, "fields": {"created_at": "2025-02-05T11:14:03.935Z", "updated_at": "2025-02-05T11:14:03.935Z", "parent": 33, "title": "Safety Syringes"}}, {"model": "product.productcategory", "pk": 74, "fields": {"created_at": "2025-02-05T11:14:03.935Z", "updated_at": "2025-02-05T11:14:03.935Z", "parent": 33, "title": "Luer Lock Syringes"}}, {"model": "product.productcategory", "pk": 75, "fields": {"created_at": "2025-02-05T11:14:03.940Z", "updated_at": "2025-02-05T11:14:03.940Z", "parent": 32, "title": "Foldable Wheelchairs"}}, {"model": "product.productcategory", "pk": 76, "fields": {"created_at": "2025-02-05T11:14:03.940Z", "updated_at": "2025-02-05T11:14:03.940Z", "parent": 32, "title": "Electric Wheelchairs"}}, {"model": "product.productcategory", "pk": 77, "fields": {"created_at": "2025-02-05T11:14:03.940Z", "updated_at": "2025-02-05T11:14:03.940Z", "parent": 32, "title": "Manual Wheelchairs"}}, {"model": "product.productcategory", "pk": 78, "fields": {"created_at": "2025-02-05T11:14:03.940Z", "updated_at": "2025-02-05T11:14:03.940Z", "parent": 32, "title": "Reclining Wheelchairs"}}, {"model": "product.productcategory", "pk": 79, "fields": {"created_at": "2025-02-05T11:14:03.945Z", "updated_at": "2025-02-05T11:14:03.945Z", "parent": 31, "title": "Medical Research Notebooks"}}, {"model": "product.productcategory", "pk": 80, "fields": {"created_at": "2025-02-05T11:14:03.945Z", "updated_at": "2025-02-05T11:14:03.945Z", "parent": 31, "title": "Pocket-size Notebooks"}}, {"model": "product.productcategory", "pk": 81, "fields": {"created_at": "2025-02-05T11:14:03.945Z", "updated_at": "2025-02-05T11:14:03.945Z", "parent": 31, "title": "Lab Notebooks"}}, {"model": "product.productcategory", "pk": 82, "fields": {"created_at": "2025-02-05T11:14:03.945Z", "updated_at": "2025-02-05T11:14:03.945Z", "parent": 31, "title": "Pocket-sized Journals"}}, {"model": "product.productcategory", "pk": 83, "fields": {"created_at": "2025-02-05T11:14:03.949Z", "updated_at": "2025-02-05T11:14:03.949Z", "parent": 30, "title": "Adjustable Dumbbells"}}, {"model": "product.productcategory", "pk": 84, "fields": {"created_at": "2025-02-05T11:14:03.949Z", "updated_at": "2025-02-05T11:14:03.949Z", "parent": 30, "title": "Hexagonal Dumbbells"}}, {"model": "product.productcategory", "pk": 85, "fields": {"created_at": "2025-02-05T11:14:03.949Z", "updated_at": "2025-02-05T11:14:03.949Z", "parent": 30, "title": "Rubber-coated Dumbbells"}}, {"model": "product.productcategory", "pk": 86, "fields": {"created_at": "2025-02-05T11:14:03.949Z", "updated_at": "2025-02-05T11:14:03.949Z", "parent": 30, "title": "Vinyl Dumbbells"}}, {"model": "product.productcategory", "pk": 87, "fields": {"created_at": "2025-02-05T11:14:03.953Z", "updated_at": "2025-02-05T11:14:03.953Z", "parent": 29, "title": "Infrared Thermometers"}}, {"model": "product.productcategory", "pk": 88, "fields": {"created_at": "2025-02-05T11:14:03.953Z", "updated_at": "2025-02-05T11:14:03.953Z", "parent": 29, "title": "Digital Thermometers"}}, {"model": "product.productcategory", "pk": 89, "fields": {"created_at": "2025-02-05T11:14:03.953Z", "updated_at": "2025-02-05T11:14:03.953Z", "parent": 29, "title": "Mercury Thermometers"}}, {"model": "product.productcategory", "pk": 90, "fields": {"created_at": "2025-02-05T11:14:03.953Z", "updated_at": "2025-02-05T11:14:03.953Z", "parent": 29, "title": "Clinical Thermometers"}}, {"model": "product.productcategory", "pk": 91, "fields": {"created_at": "2025-02-05T11:14:03.957Z", "updated_at": "2025-02-05T11:14:03.957Z", "parent": 28, "title": "Digital Stethoscopes"}}, {"model": "product.productcategory", "pk": 92, "fields": {"created_at": "2025-02-05T11:14:03.957Z", "updated_at": "2025-02-05T11:14:03.957Z", "parent": 28, "title": "Dual Head Stethoscopes"}}, {"model": "product.productcategory", "pk": 93, "fields": {"created_at": "2025-02-05T11:14:03.957Z", "updated_at": "2025-02-05T11:14:03.957Z", "parent": 28, "title": "Lightweight Stethoscopes"}}, {"model": "product.productcategory", "pk": 94, "fields": {"created_at": "2025-02-05T11:14:03.957Z", "updated_at": "2025-02-05T11:14:03.957Z", "parent": 28, "title": "Pediatric Stethoscopes"}}, {"model": "product.productcategory", "pk": 95, "fields": {"created_at": "2025-02-05T11:14:03.960Z", "updated_at": "2025-02-05T11:14:03.960Z", "parent": 27, "title": "Basic First Aid Kit"}}, {"model": "product.productcategory", "pk": 96, "fields": {"created_at": "2025-02-05T11:14:03.960Z", "updated_at": "2025-02-05T11:14:03.960Z", "parent": 27, "title": "Advanced First Aid Kit"}}, {"model": "product.productcategory", "pk": 97, "fields": {"created_at": "2025-02-05T11:14:03.960Z", "updated_at": "2025-02-05T11:14:03.960Z", "parent": 27, "title": "Travel First Aid Kit"}}, {"model": "product.productcategory", "pk": 98, "fields": {"created_at": "2025-02-05T11:14:03.960Z", "updated_at": "2025-02-05T11:14:03.960Z", "parent": 27, "title": "Industrial First Aid Kit"}}, {"model": "product.productcategory", "pk": 99, "fields": {"created_at": "2025-02-05T11:14:03.964Z", "updated_at": "2025-02-05T11:14:03.964Z", "parent": 26, "title": "Digital Microscopes"}}, {"model": "product.productcategory", "pk": 100, "fields": {"created_at": "2025-02-05T11:14:03.964Z", "updated_at": "2025-02-05T11:14:03.964Z", "parent": 26, "title": "Biological Research Microscopes"}}, {"model": "product.productcategory", "pk": 101, "fields": {"created_at": "2025-02-05T11:14:03.964Z", "updated_at": "2025-02-05T11:14:03.964Z", "parent": 26, "title": "USB Microscopes"}}, {"model": "product.productcategory", "pk": 102, "fields": {"created_at": "2025-02-05T11:14:03.964Z", "updated_at": "2025-02-05T11:14:03.964Z", "parent": 26, "title": "Student Microscopes"}}, {"model": "product.productcategory", "pk": 103, "fields": {"created_at": "2025-02-05T11:14:03.969Z", "updated_at": "2025-02-05T11:14:03.969Z", "parent": 25, "title": "Disposable Scalpel Blades"}}, {"model": "product.productcategory", "pk": 104, "fields": {"created_at": "2025-02-05T11:14:03.969Z", "updated_at": "2025-02-05T11:14:03.969Z", "parent": 25, "title": "Surgical Scalpels"}}, {"model": "product.productcategory", "pk": 105, "fields": {"created_at": "2025-02-05T11:14:03.969Z", "updated_at": "2025-02-05T11:14:03.969Z", "parent": 25, "title": "Stainless Steel Scalpels"}}, {"model": "product.productcategory", "pk": 106, "fields": {"created_at": "2025-02-05T11:14:03.969Z", "updated_at": "2025-02-05T11:14:03.969Z", "parent": 25, "title": "Sterile Scalpel Blades"}}, {"model": "product.productcategory", "pk": 107, "fields": {"created_at": "2025-02-05T11:14:03.972Z", "updated_at": "2025-02-05T11:14:03.972Z", "parent": 24, "title": "Portable ECG Monitors"}}, {"model": "product.productcategory", "pk": 108, "fields": {"created_at": "2025-02-05T11:14:03.972Z", "updated_at": "2025-02-05T11:14:03.972Z", "parent": 24, "title": "Heart Rate Monitors"}}, {"model": "product.productcategory", "pk": 109, "fields": {"created_at": "2025-02-05T11:14:03.972Z", "updated_at": "2025-02-05T11:14:03.972Z", "parent": 24, "title": "Blood Pressure Monitors"}}, {"model": "product.productcategory", "pk": 110, "fields": {"created_at": "2025-02-05T11:14:03.972Z", "updated_at": "2025-02-05T11:14:03.972Z", "parent": 24, "title": "EKG Machines"}}, {"model": "product.product", "pk": 124, "fields": {"created_at": "2025-02-05T11:29:40.661Z", "updated_at": "2025-02-05T11:29:40.661Z", "category": 67, "title": "Smart Digital Weighing Scale", "description": "High-precision digital scale with body composition analysis.", "price": "49.99", "cover_image": "image/product/smart_digital_scale.jpg", "quantity": 150, "weight": 2.0}}, {"model": "product.product", "pk": 125, "fields": {"created_at": "2025-02-05T11:29:40.661Z", "updated_at": "2025-02-05T11:29:40.661Z", "category": 67, "title": "Advanced Digital Weighing Scale", "description": "Bluetooth-enabled scale with smartphone integration.", "price": "69.99", "cover_image": "image/product/advanced_digital_scale.jpg", "quantity": 120, "weight": 2.5}}, {"model": "product.product", "pk": 126, "fields": {"created_at": "2025-02-05T11:29:40.671Z", "updated_at": "2025-02-05T11:29:40.671Z", "category": 68, "title": "Classic Mechanical Scale", "description": "Durable mechanical scale with analog dial.", "price": "29.99", "cover_image": "image/product/classic_mechanical_scale.jpg", "quantity": 200, "weight": 4.0}}, {"model": "product.product", "pk": 127, "fields": {"created_at": "2025-02-05T11:29:40.671Z", "updated_at": "2025-02-05T11:29:40.671Z", "category": 68, "title": "Heavy Duty Mechanical Scale", "description": "Robust scale designed for heavy usage.", "price": "39.99", "cover_image": "image/product/heavy_duty_mechanical_scale.jpg", "quantity": 150, "weight": 5.0}}, {"model": "product.product", "pk": 128, "fields": {"created_at": "2025-02-05T11:29:40.676Z", "updated_at": "2025-02-05T11:29:40.676Z", "category": 69, "title": "WiFi Smart Body Weight Scale", "description": "Scale with WiFi connectivity and health tracking features.", "price": "79.99", "cover_image": "image/product/wifi_smart_scale.jpg", "quantity": 100, "weight": 2.3}}, {"model": "product.product", "pk": 129, "fields": {"created_at": "2025-02-05T11:29:40.676Z", "updated_at": "2025-02-05T11:29:40.676Z", "category": 69, "title": "Smart Body Composition Analyzer", "description": "Measures body fat, muscle, and water composition.", "price": "89.99", "cover_image": "image/product/smart_body_composition.jpg", "quantity": 90, "weight": 2.4}}, {"model": "product.product", "pk": 130, "fields": {"created_at": "2025-02-05T11:29:40.681Z", "updated_at": "2025-02-05T11:29:40.681Z", "category": 70, "title": "Sleek Bathroom Scale", "description": "Modern design scale for bathroom use.", "price": "34.99", "cover_image": "image/product/sleek_bathroom_scale.jpg", "quantity": 180, "weight": 3.0}}, {"model": "product.product", "pk": 131, "fields": {"created_at": "2025-02-05T11:29:40.681Z", "updated_at": "2025-02-05T11:29:40.681Z", "category": 70, "title": "Compact Bathroom Scale", "description": "Space-saving design with accurate measurements.", "price": "24.99", "cover_image": "image/product/compact_bathroom_scale.jpg", "quantity": 220, "weight": 2.8}}, {"model": "product.product", "pk": 132, "fields": {"created_at": "2025-02-05T11:29:40.685Z", "updated_at": "2025-02-05T11:29:40.685Z", "category": 71, "title": "Sterile Disposable Syringes 10ml", "description": "Pack of 100 sterile disposable syringes for general use.", "price": "29.99", "cover_image": "image/product/sterile_disposable_syringes_10ml.jpg", "quantity": 500, "weight": 0.5}}, {"model": "product.product", "pk": 133, "fields": {"created_at": "2025-02-05T11:29:40.685Z", "updated_at": "2025-02-05T11:29:40.685Z", "category": 71, "title": "Disposable Syringes 5ml", "description": "Pack of 100 disposable syringes for precise dosing.", "price": "19.99", "cover_image": "image/product/disposable_syringes_5ml.jpg", "quantity": 600, "weight": 0.4}}, {"model": "product.product", "pk": 134, "fields": {"created_at": "2025-02-05T11:29:40.690Z", "updated_at": "2025-02-05T11:29:40.690Z", "category": 72, "title": "Insulin Syringes - Pack of 50", "description": "Pack of 50 insulin syringes for diabetes management.", "price": "19.99", "cover_image": "image/product/insulin_syringes_50.jpg", "quantity": 300, "weight": 0.4}}, {"model": "product.product", "pk": 135, "fields": {"created_at": "2025-02-05T11:29:40.690Z", "updated_at": "2025-02-05T11:29:40.690Z", "category": 72, "title": "Insulin Syringes - Pack of 100", "description": "Economical pack of 100 insulin syringes.", "price": "34.99", "cover_image": "image/product/insulin_syringes_100.jpg", "quantity": 250, "weight": 0.5}}, {"model": "product.product", "pk": 136, "fields": {"created_at": "2025-02-05T11:29:40.694Z", "updated_at": "2025-02-05T11:29:40.694Z", "category": 73, "title": "Auto-disable Safety Syringes", "description": "Safety syringes that automatically disable after one use.", "price": "24.99", "cover_image": "image/product/auto_disable_syringes.jpg", "quantity": 400, "weight": 0.45}}, {"model": "product.product", "pk": 137, "fields": {"created_at": "2025-02-05T11:29:40.694Z", "updated_at": "2025-02-05T11:29:40.694Z", "category": 73, "title": "Needle-Free Safety Syringes", "description": "Innovative needle-free safety syringe for reduced risk.", "price": "29.99", "cover_image": "image/product/needle_free_syringes.jpg", "quantity": 350, "weight": 0.5}}, {"model": "product.product", "pk": 138, "fields": {"created_at": "2025-02-05T11:29:40.698Z", "updated_at": "2025-02-05T11:29:40.698Z", "category": 74, "title": "Luer Lock Syringes 5ml", "description": "High-quality Luer lock syringes for secure connections.", "price": "22.99", "cover_image": "image/product/luer_lock_5ml.jpg", "quantity": 450, "weight": 0.42}}, {"model": "product.product", "pk": 139, "fields": {"created_at": "2025-02-05T11:29:40.698Z", "updated_at": "2025-02-05T11:29:40.698Z", "category": 74, "title": "Luer Lock Syringes 10ml", "description": "10ml Luer lock syringes for medical precision.", "price": "27.99", "cover_image": "image/product/luer_lock_10ml.jpg", "quantity": 400, "weight": 0.5}}, {"model": "product.product", "pk": 140, "fields": {"created_at": "2025-02-05T11:29:40.702Z", "updated_at": "2025-02-05T11:29:40.702Z", "category": 75, "title": "Lightweight Foldable Wheelchair", "description": "Compact and foldable wheelchair with an aluminum frame.", "price": "249.99", "cover_image": "image/product/lightweight_foldable_wheelchair.jpg", "quantity": 50, "weight": 12.0}}, {"model": "product.product", "pk": 141, "fields": {"created_at": "2025-02-05T11:29:40.702Z", "updated_at": "2025-02-05T11:29:40.702Z", "category": 75, "title": "Portable Foldable Wheelchair", "description": "Easy-to-carry foldable wheelchair designed for travel.", "price": "299.99", "cover_image": "image/product/portable_foldable_wheelchair.jpg", "quantity": 40, "weight": 13.5}}, {"model": "product.product", "pk": 142, "fields": {"created_at": "2025-02-05T11:29:40.706Z", "updated_at": "2025-02-05T11:29:40.706Z", "category": 76, "title": "Battery-Powered Electric Wheelchair", "description": "Electric wheelchair with remote control and rechargeable battery.", "price": "899.99", "cover_image": "image/product/battery_electric_wheelchair.jpg", "quantity": 15, "weight": 25.0}}, {"model": "product.product", "pk": 143, "fields": {"created_at": "2025-02-05T11:29:40.706Z", "updated_at": "2025-02-05T11:29:40.706Z", "category": 76, "title": "Rechargeable Electric Wheelchair", "description": "Modern electric wheelchair with joystick control.", "price": "999.99", "cover_image": "image/product/rechargeable_electric_wheelchair.jpg", "quantity": 10, "weight": 30.0}}, {"model": "product.product", "pk": 144, "fields": {"created_at": "2025-02-05T11:29:40.710Z", "updated_at": "2025-02-05T11:29:40.710Z", "category": 77, "title": "Standard Manual Wheelchair", "description": "Reliable manual wheelchair with cushioned seating for daily use.", "price": "349.99", "cover_image": "image/product/standard_manual_wheelchair.jpg", "quantity": 35, "weight": 20.0}}, {"model": "product.product", "pk": 145, "fields": {"created_at": "2025-02-05T11:29:40.710Z", "updated_at": "2025-02-05T11:29:40.710Z", "category": 77, "title": "Lightweight Manual Wheelchair", "description": "Manual wheelchair made with lightweight materials for easier handling.", "price": "329.99", "cover_image": "image/product/lightweight_manual_wheelchair.jpg", "quantity": 45, "weight": 18.0}}, {"model": "product.product", "pk": 146, "fields": {"created_at": "2025-02-05T11:29:40.715Z", "updated_at": "2025-02-05T11:29:40.715Z", "category": 78, "title": "Reclining Comfort Wheelchair", "description": "Wheelchair with reclining backrest for enhanced comfort.", "price": "399.99", "cover_image": "image/product/reclining_comfort_wheelchair.jpg", "quantity": 30, "weight": 22.0}}, {"model": "product.product", "pk": 147, "fields": {"created_at": "2025-02-05T11:29:40.715Z", "updated_at": "2025-02-05T11:29:40.715Z", "category": 78, "title": "Luxury Reclining Wheelchair", "description": "Premium reclining wheelchair with adjustable footrests and padded seating.", "price": "499.99", "cover_image": "image/product/luxury_reclining_wheelchair.jpg", "quantity": 20, "weight": 24.0}}, {"model": "product.product", "pk": 148, "fields": {"created_at": "2025-02-05T11:29:40.720Z", "updated_at": "2025-02-05T11:29:40.720Z", "category": 79, "title": "Hardcover Medical Research Notebook", "description": "Durable hardcover notebook for lab notes and research observations.", "price": "14.99", "cover_image": "image/product/hardcover_medical_notebook.jpg", "quantity": 300, "weight": 0.6}}, {"model": "product.product", "pk": 149, "fields": {"created_at": "2025-02-05T11:29:40.720Z", "updated_at": "2025-02-05T11:29:40.720Z", "category": 79, "title": "A5 Medical Journal", "description": "Compact A5 notebook ideal for recording medical data.", "price": "7.99", "cover_image": "image/product/a5_medical_journal.jpg", "quantity": 500, "weight": 0.4}}, {"model": "product.product", "pk": 150, "fields": {"created_at": "2025-02-05T11:29:40.726Z", "updated_at": "2025-02-05T11:29:40.726Z", "category": 80, "title": "Pocket Medical Notebook", "description": "Small and portable notebook for quick medical notes.", "price": "5.99", "cover_image": "image/product/pocket_medical_notebook.jpg", "quantity": 400, "weight": 0.3}}, {"model": "product.product", "pk": 151, "fields": {"created_at": "2025-02-05T11:29:40.726Z", "updated_at": "2025-02-05T11:29:40.726Z", "category": 80, "title": "Compact Pocket Notebook", "description": "Ideal for carrying in a lab coat pocket for on-the-go note-taking.", "price": "4.99", "cover_image": "image/product/compact_pocket_notebook.jpg", "quantity": 600, "weight": 0.2}}, {"model": "product.product", "pk": 152, "fields": {"created_at": "2025-02-05T11:29:40.730Z", "updated_at": "2025-02-05T11:29:40.730Z", "category": 81, "title": "Spiral Lab Notebook", "description": "Spiral-bound notebook designed for laboratory experiments.", "price": "9.99", "cover_image": "image/product/spiral_lab_notebook.jpg", "quantity": 350, "weight": 0.5}}, {"model": "product.product", "pk": 153, "fields": {"created_at": "2025-02-05T11:29:40.730Z", "updated_at": "2025-02-05T11:29:40.730Z", "category": 81, "title": "Scientific Lab Notebook", "description": "Notebook with grid pages for scientific data logging.", "price": "11.99", "cover_image": "image/product/scientific_lab_notebook.jpg", "quantity": 300, "weight": 0.55}}, {"model": "product.product", "pk": 154, "fields": {"created_at": "2025-02-05T11:29:40.735Z", "updated_at": "2025-02-05T11:29:40.735Z", "category": 82, "title": "Leather Pocket Journal", "description": "Elegant leather-bound journal for personal or medical notes.", "price": "12.99", "cover_image": "image/product/leather_pocket_journal.jpg", "quantity": 250, "weight": 0.4}}, {"model": "product.product", "pk": 155, "fields": {"created_at": "2025-02-05T11:29:40.735Z", "updated_at": "2025-02-05T11:29:40.735Z", "category": 82, "title": "Mini Journal", "description": "Small journal ideal for quick notes during rounds.", "price": "6.99", "cover_image": "image/product/mini_journal.jpg", "quantity": 300, "weight": 0.3}}, {"model": "product.product", "pk": 156, "fields": {"created_at": "2025-02-05T11:29:40.741Z", "updated_at": "2025-02-05T11:29:40.741Z", "category": 83, "title": "Adjustable Dumbbell Set (2-24 kg)", "description": "Set of adjustable dumbbells with weight increments from 2 to 24 kg.", "price": "99.99", "cover_image": "image/product/adjustable_dumbbell_set.jpg", "quantity": 150, "weight": 20.0}}, {"model": "product.product", "pk": 157, "fields": {"created_at": "2025-02-05T11:29:40.741Z", "updated_at": "2025-02-05T11:29:40.741Z", "category": 83, "title": "Compact Adjustable Dumbbell", "description": "Space-saving adjustable dumbbell ideal for home workouts.", "price": "89.99", "cover_image": "image/product/compact_adjustable_dumbbell.jpg", "quantity": 120, "weight": 18.0}}, {"model": "product.product", "pk": 158, "fields": {"created_at": "2025-02-05T11:29:40.751Z", "updated_at": "2025-02-05T11:29:40.751Z", "category": 84, "title": "Hex Dumbbell Set", "description": "Set of hexagonal dumbbells for stable grip and reduced noise.", "price": "79.99", "cover_image": "image/product/hex_dumbbell_set.jpg", "quantity": 100, "weight": 15.0}}, {"model": "product.product", "pk": 159, "fields": {"created_at": "2025-02-05T11:29:40.751Z", "updated_at": "2025-02-05T11:29:40.751Z", "category": 84, "title": "Single Hex Dumbbell", "description": "Durable hex dumbbell available in multiple weights.", "price": "39.99", "cover_image": "image/product/single_hex_dumbbell.jpg", "quantity": 140, "weight": 12.0}}, {"model": "product.product", "pk": 160, "fields": {"created_at": "2025-02-05T11:29:40.761Z", "updated_at": "2025-02-05T11:29:40.761Z", "category": 85, "title": "Rubber-coated Dumbbell Pair", "description": "Pair of rubber-coated dumbbells for comfortable grip.", "price": "59.99", "cover_image": "image/product/rubber_coated_dumbbell_pair.jpg", "quantity": 120, "weight": 10.0}}, {"model": "product.product", "pk": 161, "fields": {"created_at": "2025-02-05T11:29:40.761Z", "updated_at": "2025-02-05T11:29:40.761Z", "category": 85, "title": "Set of Rubber-coated Dumbbells", "description": "Set of varied weight rubber-coated dumbbells for strength training.", "price": "129.99", "cover_image": "image/product/rubber_coated_dumbbell_set.jpg", "quantity": 80, "weight": 20.0}}, {"model": "product.product", "pk": 162, "fields": {"created_at": "2025-02-05T11:29:40.767Z", "updated_at": "2025-02-05T11:29:40.767Z", "category": 86, "title": "Vinyl Dumbbell Pair", "description": "Comfortable vinyl dumbbells with non-slip coating.", "price": "49.99", "cover_image": "image/product/vinyl_dumbbell_pair.jpg", "quantity": 110, "weight": 8.0}}, {"model": "product.product", "pk": 163, "fields": {"created_at": "2025-02-05T11:29:40.767Z", "updated_at": "2025-02-05T11:29:40.767Z", "category": 86, "title": "Set of Vinyl Dumbbells", "description": "Set of vinyl dumbbells available in different weights.", "price": "89.99", "cover_image": "image/product/vinyl_dumbbell_set.jpg", "quantity": 90, "weight": 16.0}}, {"model": "product.product", "pk": 164, "fields": {"created_at": "2025-02-05T11:29:40.771Z", "updated_at": "2025-02-05T11:29:40.771Z", "category": 87, "title": "Non-Contact Infrared Thermometer", "description": "Quick and accurate non-contact thermometer with LCD display.", "price": "39.99", "cover_image": "image/product/non_contact_infrared_thermometer.jpg", "quantity": 200, "weight": 0.4}}, {"model": "product.product", "pk": 165, "fields": {"created_at": "2025-02-05T11:29:40.771Z", "updated_at": "2025-02-05T11:29:40.771Z", "category": 87, "title": "Infrared Thermometer with Laser Guide", "description": "Infrared thermometer featuring laser guidance for precision.", "price": "49.99", "cover_image": "image/product/laser_infrared_thermometer.jpg", "quantity": 180, "weight": 0.45}}, {"model": "product.product", "pk": 166, "fields": {"created_at": "2025-02-05T11:29:40.775Z", "updated_at": "2025-02-05T11:29:40.775Z", "category": 88, "title": "Digital Oral Thermometer", "description": "Accurate digital thermometer for oral temperature measurements.", "price": "24.99", "cover_image": "image/product/digital_oral_thermometer.jpg", "quantity": 220, "weight": 0.2}}, {"model": "product.product", "pk": 167, "fields": {"created_at": "2025-02-05T11:29:40.775Z", "updated_at": "2025-02-05T11:29:40.775Z", "category": 88, "title": "Digital Ear Thermometer", "description": "Fast digital thermometer for ear temperature measurement.", "price": "29.99", "cover_image": "image/product/digital_ear_thermometer.jpg", "quantity": 200, "weight": 0.25}}, {"model": "product.product", "pk": 168, "fields": {"created_at": "2025-02-05T11:29:40.779Z", "updated_at": "2025-02-05T11:29:40.779Z", "category": 89, "title": "Classic Mercury Thermometer", "description": "Traditional mercury thermometer for precise temperature readings.", "price": "12.99", "cover_image": "image/product/classic_mercury_thermometer.jpg", "quantity": 150, "weight": 0.2}}, {"model": "product.product", "pk": 169, "fields": {"created_at": "2025-02-05T11:29:40.779Z", "updated_at": "2025-02-05T11:29:40.779Z", "category": 89, "title": "Antique Mercury Thermometer", "description": "Antique-style mercury thermometer for collectors and labs.", "price": "19.99", "cover_image": "image/product/antique_mercury_thermometer.jpg", "quantity": 100, "weight": 0.25}}, {"model": "product.product", "pk": 170, "fields": {"created_at": "2025-02-05T11:29:40.782Z", "updated_at": "2025-02-05T11:29:40.782Z", "category": 90, "title": "Clinical Digital Thermometer", "description": "Digital thermometer designed for clinical and hospital use.", "price": "34.99", "cover_image": "image/product/clinical_digital_thermometer.jpg", "quantity": 130, "weight": 0.3}}, {"model": "product.product", "pk": 171, "fields": {"created_at": "2025-02-05T11:29:40.782Z", "updated_at": "2025-02-05T11:29:40.782Z", "category": 90, "title": "Medical Clinical Thermometer", "description": "High-accuracy clinical thermometer with rapid response time.", "price": "39.99", "cover_image": "image/product/medical_clinical_thermometer.jpg", "quantity": 120, "weight": 0.35}}, {"model": "product.product", "pk": 172, "fields": {"created_at": "2025-02-05T11:29:40.786Z", "updated_at": "2025-02-05T11:29:40.786Z", "category": 91, "title": "Electronic Digital Stethoscope", "description": "Electronic stethoscope with sound amplification and noise reduction.", "price": "179.99", "cover_image": "image/product/electronic_digital_stethoscope.jpg", "quantity": 80, "weight": 0.4}}, {"model": "product.product", "pk": 173, "fields": {"created_at": "2025-02-05T11:29:40.786Z", "updated_at": "2025-02-05T11:29:40.786Z", "category": 91, "title": "Bluetooth Digital Stethoscope", "description": "Stethoscope with Bluetooth connectivity for audio recording.", "price": "199.99", "cover_image": "image/product/bluetooth_digital_stethoscope.jpg", "quantity": 70, "weight": 0.45}}, {"model": "product.product", "pk": 174, "fields": {"created_at": "2025-02-05T11:29:40.790Z", "updated_at": "2025-02-05T11:29:40.790Z", "category": 92, "title": "Dual Head Acoustic Stethoscope", "description": "Traditional dual-head stethoscope for enhanced acoustic performance.", "price": "99.99", "cover_image": "image/product/dual_head_acoustic_stethoscope.jpg", "quantity": 90, "weight": 0.3}}, {"model": "product.product", "pk": 175, "fields": {"created_at": "2025-02-05T11:29:40.790Z", "updated_at": "2025-02-05T11:29:40.790Z", "category": 92, "title": "Dual Head Professional Stethoscope", "description": "Professional-grade stethoscope with dual-head design for clarity.", "price": "119.99", "cover_image": "image/product/dual_head_professional_stethoscope.jpg", "quantity": 80, "weight": 0.35}}, {"model": "product.product", "pk": 176, "fields": {"created_at": "2025-02-05T11:29:40.794Z", "updated_at": "2025-02-05T11:29:40.794Z", "category": 93, "title": "Ultra Lightweight Stethoscope", "description": "Stethoscope designed for ease of use and long shifts.", "price": "89.99", "cover_image": "image/product/ultra_lightweight_stethoscope.jpg", "quantity": 100, "weight": 0.28}}, {"model": "product.product", "pk": 177, "fields": {"created_at": "2025-02-05T11:29:40.794Z", "updated_at": "2025-02-05T11:29:40.794Z", "category": 93, "title": "Compact Lightweight Stethoscope", "description": "Compact design stethoscope perfect for travel and daily use.", "price": "79.99", "cover_image": "image/product/compact_lightweight_stethoscope.jpg", "quantity": 110, "weight": 0.3}}, {"model": "product.product", "pk": 178, "fields": {"created_at": "2025-02-05T11:29:40.798Z", "updated_at": "2025-02-05T11:29:40.798Z", "category": 94, "title": "Pediatric Stethoscope", "description": "Stethoscope designed specifically for pediatric patients.", "price": "89.99", "cover_image": "image/product/pediatric_stethoscope.jpg", "quantity": 95, "weight": 0.32}}, {"model": "product.product", "pk": 179, "fields": {"created_at": "2025-02-05T11:29:40.798Z", "updated_at": "2025-02-05T11:29:40.798Z", "category": 94, "title": "Child-Friendly Stethoscope", "description": "Colorful and ergonomic stethoscope for children.", "price": "79.99", "cover_image": "image/product/child_friendly_stethoscope.jpg", "quantity": 85, "weight": 0.3}}, {"model": "product.product", "pk": 180, "fields": {"created_at": "2025-02-05T11:29:40.802Z", "updated_at": "2025-02-05T11:29:40.802Z", "category": 95, "title": "Home Basic First Aid Kit", "description": "Essential supplies for minor injuries and emergencies at home.", "price": "24.99", "cover_image": "image/product/home_basic_first_aid_kit.jpg", "quantity": 300, "weight": 1.0}}, {"model": "product.product", "pk": 181, "fields": {"created_at": "2025-02-05T11:29:40.802Z", "updated_at": "2025-02-05T11:29:40.802Z", "category": 95, "title": "Travel Basic First Aid Kit", "description": "Compact first aid kit for travel and outdoor activities.", "price": "19.99", "cover_image": "image/product/travel_basic_first_aid_kit.jpg", "quantity": 350, "weight": 0.8}}, {"model": "product.product", "pk": 182, "fields": {"created_at": "2025-02-05T11:29:40.806Z", "updated_at": "2025-02-05T11:29:40.806Z", "category": 96, "title": "Advanced Home First Aid Kit", "description": "Extended supplies for home emergencies with additional medical tools.", "price": "39.99", "cover_image": "image/product/advanced_home_first_aid_kit.jpg", "quantity": 250, "weight": 1.2}}, {"model": "product.product", "pk": 183, "fields": {"created_at": "2025-02-05T11:29:40.806Z", "updated_at": "2025-02-05T11:29:40.806Z", "category": 96, "title": "Advanced Travel First Aid Kit", "description": "Enhanced first aid kit for travel with extra supplies.", "price": "34.99", "cover_image": "image/product/advanced_travel_first_aid_kit.jpg", "quantity": 220, "weight": 1.1}}, {"model": "product.product", "pk": 184, "fields": {"created_at": "2025-02-05T11:29:40.811Z", "updated_at": "2025-02-05T11:29:40.811Z", "category": 97, "title": "Compact Travel First Aid Kit", "description": "Lightweight and compact kit for travel emergencies.", "price": "29.99", "cover_image": "image/product/compact_travel_first_aid_kit.jpg", "quantity": 320, "weight": 0.9}}, {"model": "product.product", "pk": 185, "fields": {"created_at": "2025-02-05T11:29:40.811Z", "updated_at": "2025-02-05T11:29:40.811Z", "category": 97, "title": "Portable Travel First Aid Kit", "description": "Portable kit designed for travel with essential supplies.", "price": "27.99", "cover_image": "image/product/portable_travel_first_aid_kit.jpg", "quantity": 300, "weight": 0.85}}, {"model": "product.product", "pk": 186, "fields": {"created_at": "2025-02-05T11:29:40.814Z", "updated_at": "2025-02-05T11:29:40.814Z", "category": 98, "title": "Industrial Grade First Aid Kit", "description": "Robust first aid kit designed for industrial and workplace safety.", "price": "89.99", "cover_image": "image/product/industrial_first_aid_kit.jpg", "quantity": 150, "weight": 2.5}}, {"model": "product.product", "pk": 187, "fields": {"created_at": "2025-02-05T11:29:40.814Z", "updated_at": "2025-02-05T11:29:40.814Z", "category": 98, "title": "Heavy-Duty Industrial First Aid Kit", "description": "Comprehensive kit for industrial settings with extra supplies.", "price": "99.99", "cover_image": "image/product/heavy_duty_industrial_first_aid_kit.jpg", "quantity": 120, "weight": 2.8}}, {"model": "product.product", "pk": 188, "fields": {"created_at": "2025-02-05T11:29:40.818Z", "updated_at": "2025-02-05T11:29:40.818Z", "category": 99, "title": "USB Digital Microscope", "description": "High-resolution USB microscope for computer connectivity.", "price": "149.99", "cover_image": "image/product/usb_digital_microscope.jpg", "quantity": 60, "weight": 2.0}}, {"model": "product.product", "pk": 189, "fields": {"created_at": "2025-02-05T11:29:40.818Z", "updated_at": "2025-02-05T11:29:40.818Z", "category": 99, "title": "Portable Digital Microscope", "description": "Compact digital microscope ideal for field research.", "price": "129.99", "cover_image": "image/product/portable_digital_microscope.jpg", "quantity": 70, "weight": 1.8}}, {"model": "product.product", "pk": 190, "fields": {"created_at": "2025-02-05T11:29:40.821Z", "updated_at": "2025-02-05T11:29:40.821Z", "category": 100, "title": "Advanced Research Microscope", "description": "High-end microscope with oil immersion and LED lighting.", "price": "899.99", "cover_image": "image/product/advanced_research_microscope.jpg", "quantity": 20, "weight": 8.5}}, {"model": "product.product", "pk": 191, "fields": {"created_at": "2025-02-05T11:29:40.821Z", "updated_at": "2025-02-05T11:29:40.821Z", "category": 100, "title": "Professional Biological Microscope", "description": "Microscope designed for professional biological research.", "price": "799.99", "cover_image": "image/product/professional_bio_microscope.jpg", "quantity": 25, "weight": 7.8}}, {"model": "product.product", "pk": 192, "fields": {"created_at": "2025-02-05T11:29:40.826Z", "updated_at": "2025-02-05T11:29:40.826Z", "category": 101, "title": "Budget USB Microscope", "description": "Affordable USB microscope for basic research and education.", "price": "99.99", "cover_image": "image/product/budget_usb_microscope.jpg", "quantity": 80, "weight": 1.5}}, {"model": "product.product", "pk": 193, "fields": {"created_at": "2025-02-05T11:29:40.826Z", "updated_at": "2025-02-05T11:29:40.826Z", "category": 101, "title": "High-Res USB Microscope", "description": "USB microscope with high resolution and clear imaging.", "price": "129.99", "cover_image": "image/product/high_res_usb_microscope.jpg", "quantity": 70, "weight": 1.7}}, {"model": "product.product", "pk": 194, "fields": {"created_at": "2025-02-05T11:29:40.830Z", "updated_at": "2025-02-05T11:29:40.830Z", "category": 102, "title": "Basic Student Microscope", "description": "Simple microscope ideal for educational purposes.", "price": "59.99", "cover_image": "image/product/basic_student_microscope.jpg", "quantity": 100, "weight": 2.0}}, {"model": "product.product", "pk": 195, "fields": {"created_at": "2025-02-05T11:29:40.830Z", "updated_at": "2025-02-05T11:29:40.830Z", "category": 102, "title": "Portable Student Microscope", "description": "Lightweight and portable microscope designed for students.", "price": "69.99", "cover_image": "image/product/portable_student_microscope.jpg", "quantity": 90, "weight": 1.8}}, {"model": "product.product", "pk": 196, "fields": {"created_at": "2025-02-05T11:29:40.833Z", "updated_at": "2025-02-05T11:29:40.833Z", "category": 103, "title": "Pack of Disposable Scalpel Blades", "description": "Pack of 50 sterile disposable scalpel blades.", "price": "15.99", "cover_image": "image/product/disposable_scalpel_blades.jpg", "quantity": 500, "weight": 0.5}}, {"model": "product.product", "pk": 197, "fields": {"created_at": "2025-02-05T11:29:40.833Z", "updated_at": "2025-02-05T11:29:40.833Z", "category": 103, "title": "Premium Disposable Scalpel Blades", "description": "High-quality disposable blades for surgical precision.", "price": "18.99", "cover_image": "image/product/premium_scalpel_blades.jpg", "quantity": 450, "weight": 0.5}}, {"model": "product.product", "pk": 198, "fields": {"created_at": "2025-02-05T11:29:40.837Z", "updated_at": "2025-02-05T11:29:40.837Z", "category": 104, "title": "Standard Surgical Scalpel", "description": "Reliable surgical scalpel for general procedures.", "price": "25.99", "cover_image": "image/product/standard_surgical_scalpel.jpg", "quantity": 300, "weight": 0.3}}, {"model": "product.product", "pk": 199, "fields": {"created_at": "2025-02-05T11:29:40.837Z", "updated_at": "2025-02-05T11:29:40.837Z", "category": 104, "title": "Precision Surgical Scalpel", "description": "Precision scalpel designed for delicate surgical operations.", "price": "29.99", "cover_image": "image/product/precision_surgical_scalpel.jpg", "quantity": 280, "weight": 0.35}}, {"model": "product.product", "pk": 200, "fields": {"created_at": "2025-02-05T11:29:40.842Z", "updated_at": "2025-02-05T11:29:40.842Z", "category": 105, "title": "Stainless Steel Scalpel", "description": "Durable stainless steel scalpel for repeated use.", "price": "27.99", "cover_image": "image/product/stainless_steel_scalpel.jpg", "quantity": 320, "weight": 0.32}}, {"model": "product.product", "pk": 201, "fields": {"created_at": "2025-02-05T11:29:40.842Z", "updated_at": "2025-02-05T11:29:40.842Z", "category": 105, "title": "Premium Stainless Steel Scalpel", "description": "High-grade stainless steel scalpel with ergonomic handle.", "price": "31.99", "cover_image": "image/product/premium_stainless_scalpel.jpg", "quantity": 300, "weight": 0.35}}, {"model": "product.product", "pk": 202, "fields": {"created_at": "2025-02-05T11:29:40.846Z", "updated_at": "2025-02-05T11:29:40.846Z", "category": 106, "title": "Sterile Scalpel Blade Pack", "description": "Pack of 50 sterile scalpel blades for surgical use.", "price": "16.99", "cover_image": "image/product/sterile_scalpel_blade_pack.jpg", "quantity": 400, "weight": 0.5}}, {"model": "product.product", "pk": 203, "fields": {"created_at": "2025-02-05T11:29:40.846Z", "updated_at": "2025-02-05T11:29:40.846Z", "category": 106, "title": "Extra Sterile Scalpel Blades", "description": "Pack of 100 ultra-sterile scalpel blades.", "price": "29.99", "cover_image": "image/product/extra_sterile_scalpel_blades.jpg", "quantity": 350, "weight": 0.5}}, {"model": "product.product", "pk": 204, "fields": {"created_at": "2025-02-05T11:29:40.849Z", "updated_at": "2025-02-05T11:29:40.849Z", "category": 107, "title": "Portable ECG Monitor Pro", "description": "Compact ECG monitor with wireless data transmission.", "price": "199.99", "cover_image": "image/product/portable_ecg_monitor_pro.jpg", "quantity": 40, "weight": 2.8}}, {"model": "product.product", "pk": 205, "fields": {"created_at": "2025-02-05T11:29:40.849Z", "updated_at": "2025-02-05T11:29:40.849Z", "category": 107, "title": "Portable ECG Monitor Lite", "description": "Light and portable ECG monitor for everyday use.", "price": "149.99", "cover_image": "image/product/portable_ecg_monitor_lite.jpg", "quantity": 50, "weight": 2.5}}, {"model": "product.product", "pk": 206, "fields": {"created_at": "2025-02-05T11:29:40.853Z", "updated_at": "2025-02-05T11:29:40.853Z", "category": 108, "title": "Wireless Heart Rate Monitor", "description": "Bluetooth-enabled heart rate monitor with real-time tracking.", "price": "99.99", "cover_image": "image/product/wireless_heart_rate_monitor.jpg", "quantity": 80, "weight": 1.2}}, {"model": "product.product", "pk": 207, "fields": {"created_at": "2025-02-05T11:29:40.853Z", "updated_at": "2025-02-05T11:29:40.853Z", "category": 108, "title": "Chest Strap Heart Rate Monitor", "description": "Accurate heart rate monitoring with a comfortable chest strap.", "price": "89.99", "cover_image": "image/product/chest_strap_heart_rate_monitor.jpg", "quantity": 90, "weight": 1.1}}, {"model": "product.product", "pk": 208, "fields": {"created_at": "2025-02-05T11:29:40.857Z", "updated_at": "2025-02-05T11:29:40.857Z", "category": 109, "title": "Digital Blood Pressure Monitor", "description": "Easy-to-use digital blood pressure monitor with large display.", "price": "79.99", "cover_image": "image/product/digital_bp_monitor.jpg", "quantity": 100, "weight": 1.3}}, {"model": "product.product", "pk": 209, "fields": {"created_at": "2025-02-05T11:29:40.857Z", "updated_at": "2025-02-05T11:29:40.857Z", "category": 109, "title": "Arm Cuff Blood Pressure Monitor", "description": "Accurate arm cuff monitor for home blood pressure tracking.", "price": "69.99", "cover_image": "image/product/arm_cuff_bp_monitor.jpg", "quantity": 110, "weight": 1.2}}, {"model": "product.product", "pk": 210, "fields": {"created_at": "2025-02-05T11:29:40.861Z", "updated_at": "2025-02-05T11:29:40.861Z", "category": 110, "title": "Portable EKG Machine", "description": "Compact EKG machine suitable for ambulatory monitoring.", "price": "299.99", "cover_image": "image/product/portable_ekg_machine.jpg", "quantity": 25, "weight": 3.5}}, {"model": "product.product", "pk": 211, "fields": {"created_at": "2025-02-05T11:29:40.861Z", "updated_at": "2025-02-05T11:29:40.861Z", "category": 110, "title": "Advanced EKG Machine", "description": "High-end EKG machine with multi-lead support for clinical use.", "price": "399.99", "cover_image": "image/product/advanced_ekg_machine.jpg", "quantity": 20, "weight": 4.0}}, {"model": "product.productreview", "pk": 1, "fields": {"created_at": "2025-02-05T15:39:58.541Z", "updated_at": "2025-02-05T15:39:58.541Z", "user": 1, "product": 140, "message": "Perfect!"}}]