[{"model": "admin.logentry", "pk": 1, "fields": {"action_time": "2025-02-19T15:03:08.967Z", "user": 1, "content_type": 7, "object_id": "1", "object_repr": "admin", "action_flag": 2, "change_message": "[{\"changed\": {\"fields\": [\"First Name\", \"Last Name\"]}}]"}}, {"model": "admin.logentry", "pk": 2, "fields": {"action_time": "2025-02-21T06:11:51.333Z", "user": 1, "content_type": 7, "object_id": "2", "object_repr": "asd", "action_flag": 3, "change_message": ""}}, {"model": "admin.logentry", "pk": 3, "fields": {"action_time": "2025-02-21T13:22:29.468Z", "user": 1, "content_type": 16, "object_id": "66", "object_repr": "Weighing Scale", "action_flag": 3, "change_message": ""}}, {"model": "admin.logentry", "pk": 4, "fields": {"action_time": "2025-02-21T13:22:29.468Z", "user": 1, "content_type": 16, "object_id": "65", "object_repr": "Syringe", "action_flag": 3, "change_message": ""}}, {"model": "admin.logentry", "pk": 5, "fields": {"action_time": "2025-02-21T13:22:29.468Z", "user": 1, "content_type": 16, "object_id": "64", "object_repr": "Wheelchair", "action_flag": 3, "change_message": ""}}, {"model": "admin.logentry", "pk": 6, "fields": {"action_time": "2025-02-21T13:22:29.468Z", "user": 1, "content_type": 16, "object_id": "63", "object_repr": "Notebook", "action_flag": 3, "change_message": ""}}, {"model": "admin.logentry", "pk": 7, "fields": {"action_time": "2025-02-21T13:22:29.468Z", "user": 1, "content_type": 16, "object_id": "62", "object_repr": "Dumbbells", "action_flag": 3, "change_message": ""}}, {"model": "admin.logentry", "pk": 8, "fields": {"action_time": "2025-02-21T13:22:29.468Z", "user": 1, "content_type": 16, "object_id": "61", "object_repr": "Thermometer", "action_flag": 3, "change_message": ""}}, {"model": "admin.logentry", "pk": 9, "fields": {"action_time": "2025-02-21T13:22:29.468Z", "user": 1, "content_type": 16, "object_id": "60", "object_repr": "Stethoscope", "action_flag": 3, "change_message": ""}}, {"model": "admin.logentry", "pk": 10, "fields": {"action_time": "2025-02-21T13:22:29.468Z", "user": 1, "content_type": 16, "object_id": "59", "object_repr": "First Aid Kit", "action_flag": 3, "change_message": ""}}, {"model": "admin.logentry", "pk": 11, "fields": {"action_time": "2025-02-21T13:22:29.468Z", "user": 1, "content_type": 16, "object_id": "58", "object_repr": "Microscope", "action_flag": 3, "change_message": ""}}, {"model": "admin.logentry", "pk": 12, "fields": {"action_time": "2025-02-21T13:22:29.468Z", "user": 1, "content_type": 16, "object_id": "57", "object_repr": "Scalpel Instrument", "action_flag": 3, "change_message": ""}}, {"model": "admin.logentry", "pk": 13, "fields": {"action_time": "2025-02-21T13:22:29.468Z", "user": 1, "content_type": 16, "object_id": "56", "object_repr": "Cardiogram", "action_flag": 3, "change_message": ""}}, {"model": "admin.logentry", "pk": 14, "fields": {"action_time": "2025-02-21T13:22:29.468Z", "user": 1, "content_type": 16, "object_id": "55", "object_repr": "55 - Cardiogram - EKG Machines", "action_flag": 3, "change_message": ""}}, {"model": "admin.logentry", "pk": 15, "fields": {"action_time": "2025-02-21T13:22:29.468Z", "user": 1, "content_type": 16, "object_id": "54", "object_repr": "54 - Cardiogram - Blood Pressure Monitors", "action_flag": 3, "change_message": ""}}, {"model": "admin.logentry", "pk": 16, "fields": {"action_time": "2025-02-21T13:22:29.468Z", "user": 1, "content_type": 16, "object_id": "53", "object_repr": "53 - Cardiogram - Heart Rate Monitors", "action_flag": 3, "change_message": ""}}, {"model": "admin.logentry", "pk": 17, "fields": {"action_time": "2025-02-21T13:22:29.468Z", "user": 1, "content_type": 16, "object_id": "52", "object_repr": "52 - Cardiogram - Portable ECG Monitors", "action_flag": 3, "change_message": ""}}, {"model": "admin.logentry", "pk": 18, "fields": {"action_time": "2025-02-21T13:22:29.468Z", "user": 1, "content_type": 16, "object_id": "51", "object_repr": "51 - Scalpel Instrument - Sterile Scalpel Blades", "action_flag": 3, "change_message": ""}}, {"model": "admin.logentry", "pk": 19, "fields": {"action_time": "2025-02-21T13:22:29.468Z", "user": 1, "content_type": 16, "object_id": "50", "object_repr": "50 - Scalpel Instrument - Stainless Steel Scalpels", "action_flag": 3, "change_message": ""}}, {"model": "admin.logentry", "pk": 20, "fields": {"action_time": "2025-02-21T13:22:29.468Z", "user": 1, "content_type": 16, "object_id": "49", "object_repr": "49 - Scalpel Instrument - Surgical Scalpels", "action_flag": 3, "change_message": ""}}, {"model": "admin.logentry", "pk": 21, "fields": {"action_time": "2025-02-21T13:22:29.469Z", "user": 1, "content_type": 16, "object_id": "48", "object_repr": "48 - Scalpel Instrument - Disposable Scalpel Blades", "action_flag": 3, "change_message": ""}}, {"model": "admin.logentry", "pk": 22, "fields": {"action_time": "2025-02-21T13:22:29.469Z", "user": 1, "content_type": 16, "object_id": "47", "object_repr": "47 - Microscope - Student Microscopes", "action_flag": 3, "change_message": ""}}, {"model": "admin.logentry", "pk": 23, "fields": {"action_time": "2025-02-21T13:22:29.469Z", "user": 1, "content_type": 16, "object_id": "46", "object_repr": "46 - Microscope - USB Microscopes", "action_flag": 3, "change_message": ""}}, {"model": "admin.logentry", "pk": 24, "fields": {"action_time": "2025-02-21T13:22:29.469Z", "user": 1, "content_type": 16, "object_id": "45", "object_repr": "45 - Microscope - Biological Research Microscopes", "action_flag": 3, "change_message": ""}}, {"model": "admin.logentry", "pk": 25, "fields": {"action_time": "2025-02-21T13:22:29.469Z", "user": 1, "content_type": 16, "object_id": "44", "object_repr": "44 - Microscope - Digital Microscopes", "action_flag": 3, "change_message": ""}}, {"model": "admin.logentry", "pk": 26, "fields": {"action_time": "2025-02-21T13:22:29.469Z", "user": 1, "content_type": 16, "object_id": "43", "object_repr": "43 - First Aid Kit - Industrial First Aid Kit", "action_flag": 3, "change_message": ""}}, {"model": "admin.logentry", "pk": 27, "fields": {"action_time": "2025-02-21T13:22:29.469Z", "user": 1, "content_type": 16, "object_id": "42", "object_repr": "42 - First Aid Kit - Travel First Aid Kit", "action_flag": 3, "change_message": ""}}, {"model": "admin.logentry", "pk": 28, "fields": {"action_time": "2025-02-21T13:22:29.469Z", "user": 1, "content_type": 16, "object_id": "41", "object_repr": "41 - First Aid Kit - Advanced First Aid Kit", "action_flag": 3, "change_message": ""}}, {"model": "admin.logentry", "pk": 29, "fields": {"action_time": "2025-02-21T13:22:29.469Z", "user": 1, "content_type": 16, "object_id": "40", "object_repr": "40 - First Aid Kit - Basic First Aid Kit", "action_flag": 3, "change_message": ""}}, {"model": "admin.logentry", "pk": 30, "fields": {"action_time": "2025-02-21T13:22:29.469Z", "user": 1, "content_type": 16, "object_id": "39", "object_repr": "39 - Stethoscope - Pediatric Stethoscopes", "action_flag": 3, "change_message": ""}}, {"model": "admin.logentry", "pk": 31, "fields": {"action_time": "2025-02-21T13:22:29.469Z", "user": 1, "content_type": 16, "object_id": "38", "object_repr": "38 - Stethoscope - Lightweight Stethoscopes", "action_flag": 3, "change_message": ""}}, {"model": "admin.logentry", "pk": 32, "fields": {"action_time": "2025-02-21T13:22:29.469Z", "user": 1, "content_type": 16, "object_id": "37", "object_repr": "37 - Stethoscope - Dual Head Stethoscopes", "action_flag": 3, "change_message": ""}}, {"model": "admin.logentry", "pk": 33, "fields": {"action_time": "2025-02-21T13:22:29.469Z", "user": 1, "content_type": 16, "object_id": "36", "object_repr": "36 - Stethoscope - Digital Stethoscopes", "action_flag": 3, "change_message": ""}}, {"model": "admin.logentry", "pk": 34, "fields": {"action_time": "2025-02-21T13:22:29.469Z", "user": 1, "content_type": 16, "object_id": "35", "object_repr": "35 - Thermometer - Clinical Thermometers", "action_flag": 3, "change_message": ""}}, {"model": "admin.logentry", "pk": 35, "fields": {"action_time": "2025-02-21T13:22:29.469Z", "user": 1, "content_type": 16, "object_id": "34", "object_repr": "34 - Thermometer - Mercury Thermometers", "action_flag": 3, "change_message": ""}}, {"model": "admin.logentry", "pk": 36, "fields": {"action_time": "2025-02-21T13:22:29.469Z", "user": 1, "content_type": 16, "object_id": "33", "object_repr": "33 - Thermometer - Digital Thermometers", "action_flag": 3, "change_message": ""}}, {"model": "admin.logentry", "pk": 37, "fields": {"action_time": "2025-02-21T13:22:29.469Z", "user": 1, "content_type": 16, "object_id": "32", "object_repr": "32 - Thermometer - Infrared Thermometers", "action_flag": 3, "change_message": ""}}, {"model": "admin.logentry", "pk": 38, "fields": {"action_time": "2025-02-21T13:22:29.469Z", "user": 1, "content_type": 16, "object_id": "31", "object_repr": "31 - Dumbbells - Vinyl Dumbbells", "action_flag": 3, "change_message": ""}}, {"model": "admin.logentry", "pk": 39, "fields": {"action_time": "2025-02-21T13:22:29.469Z", "user": 1, "content_type": 16, "object_id": "30", "object_repr": "30 - Dumbbells - Rubber-coated Dumbbells", "action_flag": 3, "change_message": ""}}, {"model": "admin.logentry", "pk": 40, "fields": {"action_time": "2025-02-21T13:22:29.469Z", "user": 1, "content_type": 16, "object_id": "29", "object_repr": "29 - Dumbbells - Hexagonal Dumbbells", "action_flag": 3, "change_message": ""}}, {"model": "admin.logentry", "pk": 41, "fields": {"action_time": "2025-02-21T13:22:29.469Z", "user": 1, "content_type": 16, "object_id": "28", "object_repr": "28 - Dumbbells - Adjustable Dumbbells", "action_flag": 3, "change_message": ""}}, {"model": "admin.logentry", "pk": 42, "fields": {"action_time": "2025-02-21T13:22:29.469Z", "user": 1, "content_type": 16, "object_id": "27", "object_repr": "27 - Notebook - Pocket-sized Journals", "action_flag": 3, "change_message": ""}}, {"model": "admin.logentry", "pk": 43, "fields": {"action_time": "2025-02-21T13:22:29.469Z", "user": 1, "content_type": 16, "object_id": "26", "object_repr": "26 - Notebook - Lab Notebooks", "action_flag": 3, "change_message": ""}}, {"model": "admin.logentry", "pk": 44, "fields": {"action_time": "2025-02-21T13:22:29.469Z", "user": 1, "content_type": 16, "object_id": "25", "object_repr": "25 - Notebook - Pocket-size Notebooks", "action_flag": 3, "change_message": ""}}, {"model": "admin.logentry", "pk": 45, "fields": {"action_time": "2025-02-21T13:22:29.469Z", "user": 1, "content_type": 16, "object_id": "24", "object_repr": "24 - Notebook - Medical Research Notebooks", "action_flag": 3, "change_message": ""}}, {"model": "admin.logentry", "pk": 46, "fields": {"action_time": "2025-02-21T13:22:29.469Z", "user": 1, "content_type": 16, "object_id": "23", "object_repr": "23 - Wheelchair - Reclining Wheelchairs", "action_flag": 3, "change_message": ""}}, {"model": "admin.logentry", "pk": 47, "fields": {"action_time": "2025-02-21T13:22:29.469Z", "user": 1, "content_type": 16, "object_id": "22", "object_repr": "22 - Wheelchair - Manual Wheelchairs", "action_flag": 3, "change_message": ""}}, {"model": "admin.logentry", "pk": 48, "fields": {"action_time": "2025-02-21T13:22:29.469Z", "user": 1, "content_type": 16, "object_id": "21", "object_repr": "21 - Wheelchair - Electric Wheelchairs", "action_flag": 3, "change_message": ""}}, {"model": "admin.logentry", "pk": 49, "fields": {"action_time": "2025-02-21T13:22:29.470Z", "user": 1, "content_type": 16, "object_id": "20", "object_repr": "20 - Wheelchair - Foldable Wheelchairs", "action_flag": 3, "change_message": ""}}, {"model": "admin.logentry", "pk": 50, "fields": {"action_time": "2025-02-21T13:22:29.470Z", "user": 1, "content_type": 16, "object_id": "19", "object_repr": "19 - Syringe - Luer Lock Syringes", "action_flag": 3, "change_message": ""}}, {"model": "admin.logentry", "pk": 51, "fields": {"action_time": "2025-02-21T13:22:29.470Z", "user": 1, "content_type": 16, "object_id": "18", "object_repr": "18 - Syringe - Safety Syringes", "action_flag": 3, "change_message": ""}}, {"model": "admin.logentry", "pk": 52, "fields": {"action_time": "2025-02-21T13:22:29.470Z", "user": 1, "content_type": 16, "object_id": "17", "object_repr": "17 - Syringe - Insulin Syringes", "action_flag": 3, "change_message": ""}}, {"model": "admin.logentry", "pk": 53, "fields": {"action_time": "2025-02-21T13:22:29.470Z", "user": 1, "content_type": 16, "object_id": "16", "object_repr": "16 - Syringe - Disposable Syringes", "action_flag": 3, "change_message": ""}}, {"model": "admin.logentry", "pk": 54, "fields": {"action_time": "2025-02-21T13:22:29.470Z", "user": 1, "content_type": 16, "object_id": "15", "object_repr": "15 - Weighing Scale - Bathroom Weighing Scale", "action_flag": 3, "change_message": ""}}, {"model": "admin.logentry", "pk": 55, "fields": {"action_time": "2025-02-21T13:22:29.470Z", "user": 1, "content_type": 16, "object_id": "14", "object_repr": "14 - Weighing Scale - Smart Body Weight Scale", "action_flag": 3, "change_message": ""}}, {"model": "admin.logentry", "pk": 56, "fields": {"action_time": "2025-02-21T13:22:29.470Z", "user": 1, "content_type": 16, "object_id": "13", "object_repr": "13 - Weighing Scale - Mechanical Weighing Scale", "action_flag": 3, "change_message": ""}}, {"model": "admin.logentry", "pk": 57, "fields": {"action_time": "2025-02-21T13:22:29.470Z", "user": 1, "content_type": 16, "object_id": "12", "object_repr": "12 - Weighing Scale - Digital Weighing Scale", "action_flag": 3, "change_message": ""}}, {"model": "admin.logentry", "pk": 58, "fields": {"action_time": "2025-02-21T13:22:29.470Z", "user": 1, "content_type": 16, "object_id": "11", "object_repr": "Weighing Scale", "action_flag": 3, "change_message": ""}}, {"model": "admin.logentry", "pk": 59, "fields": {"action_time": "2025-02-21T13:22:29.470Z", "user": 1, "content_type": 16, "object_id": "10", "object_repr": "Syringe", "action_flag": 3, "change_message": ""}}, {"model": "admin.logentry", "pk": 60, "fields": {"action_time": "2025-02-21T13:22:29.470Z", "user": 1, "content_type": 16, "object_id": "9", "object_repr": "Wheelchair", "action_flag": 3, "change_message": ""}}, {"model": "admin.logentry", "pk": 61, "fields": {"action_time": "2025-02-21T13:22:29.470Z", "user": 1, "content_type": 16, "object_id": "8", "object_repr": "Notebook", "action_flag": 3, "change_message": ""}}, {"model": "admin.logentry", "pk": 62, "fields": {"action_time": "2025-02-21T13:22:29.470Z", "user": 1, "content_type": 16, "object_id": "7", "object_repr": "Dumbbells", "action_flag": 3, "change_message": ""}}, {"model": "admin.logentry", "pk": 63, "fields": {"action_time": "2025-02-21T13:22:29.470Z", "user": 1, "content_type": 16, "object_id": "6", "object_repr": "Thermometer", "action_flag": 3, "change_message": ""}}, {"model": "admin.logentry", "pk": 64, "fields": {"action_time": "2025-02-21T13:22:29.470Z", "user": 1, "content_type": 16, "object_id": "5", "object_repr": "Stethoscope", "action_flag": 3, "change_message": ""}}, {"model": "admin.logentry", "pk": 65, "fields": {"action_time": "2025-02-21T13:22:29.470Z", "user": 1, "content_type": 16, "object_id": "4", "object_repr": "First Aid Kit", "action_flag": 3, "change_message": ""}}, {"model": "admin.logentry", "pk": 66, "fields": {"action_time": "2025-02-21T13:22:29.470Z", "user": 1, "content_type": 16, "object_id": "3", "object_repr": "Microscope", "action_flag": 3, "change_message": ""}}, {"model": "admin.logentry", "pk": 67, "fields": {"action_time": "2025-02-21T13:22:29.470Z", "user": 1, "content_type": 16, "object_id": "2", "object_repr": "Scalpel Instrument", "action_flag": 3, "change_message": ""}}, {"model": "admin.logentry", "pk": 68, "fields": {"action_time": "2025-02-21T13:22:29.470Z", "user": 1, "content_type": 16, "object_id": "1", "object_repr": "Cardiogram", "action_flag": 3, "change_message": ""}}, {"model": "sessions.session", "pk": "1jqwjvacckvvrguzxblsylegurky4c4n", "fields": {"session_data": ".eJxVjMsOwiAQRf-FtSE8hXHpvt9ABoZK1UBS2pXx35WkC93ec-55sYD7VsLe8xoWYhcm2el3i5geuQ5Ad6y3xlOr27pEPhR-0M6nRvl5Pdy_QMFexlvrHEmTRel9BA8oklPJUkQgUMYp4byf87eYcdZGgER1NhacV0YYxd4f9hA3qA:1tlTVL:8F3fZ2o4P3KWxgmGLC_Q7YAwjb5oJeE0ajkJj6VFtpQ", "expire_date": "2025-03-07T13:55:47.095Z"}}, {"model": "account.user", "pk": 1, "fields": {"password": "pbkdf2_sha256$870000$lQGcRvlPQTGd97zfl2ADeS$D3NIuRt757L9iVqwQdpIsm96NPN7Uy2HoXH/N8SMsKs=", "last_login": "2025-02-21T13:55:47.090Z", "is_superuser": true, "username": "admin", "is_staff": true, "is_active": true, "date_joined": "2025-02-19T06:03:53Z", "first_name": "admin", "last_name": "admin", "email": "admin@gmail.com", "phone": "", "image": "", "dob": null, "gender": "Other", "product_ids": "[]", "groups": [], "user_permissions": []}}, {"model": "account.user", "pk": 3, "fields": {"password": "pbkdf2_sha256$870000$YEDQbH8j7Qjulgj0bsthnG$m0BAtAQ5/YEKy6vz1Qp+x78bXJfkujaJ1fkUwfYr9sM=", "last_login": null, "is_superuser": false, "username": "username", "is_staff": false, "is_active": true, "date_joined": "2025-02-21T11:10:37.437Z", "first_name": "user", "last_name": "user", "email": "user@gmail.com", "phone": "", "image": "image/account/profile_images/menu-icon3.png", "dob": "2025-02-11", "gender": "Male", "product_ids": "[]", "groups": [], "user_permissions": []}}, {"model": "account.user", "pk": 4, "fields": {"password": "pbkdf2_sha256$870000$hWdsNHuaOvq71x8PWyxRAb$YlczDfRZUODULAH3DHXEAoj4bUig+7ikA+OPhdfLZH8=", "last_login": null, "is_superuser": false, "username": "username2", "is_staff": false, "is_active": true, "date_joined": "2025-02-21T11:19:14.319Z", "first_name": "user", "last_name": "user", "email": "user@gmail.com", "phone": "", "image": "image/account/profile_images/menu-icon2.png", "dob": "2025-02-11", "gender": "Male", "product_ids": "[]", "groups": [], "user_permissions": []}}, {"model": "account.user", "pk": 5, "fields": {"password": "pbkdf2_sha256$870000$lr4McIb8Kytbxcx0HPbZi8$BOVXrAU/fPDNTpoqwzZ/7A6eTHY7x5gom6klkNb+tYs=", "last_login": null, "is_superuser": false, "username": "username3", "is_staff": false, "is_active": true, "date_joined": "2025-02-21T12:04:18.784Z", "first_name": "user", "last_name": "user", "email": "user@gmail.com", "phone": "", "image": "", "dob": "2025-02-11", "gender": "Male", "product_ids": "[]", "groups": [], "user_permissions": []}}, {"model": "blog.blogcategory", "pk": 1, "fields": {"created_at": "2025-02-19T06:04:55.758Z", "updated_at": "2025-02-19T06:04:55.758Z", "title": "Cardiogram"}}, {"model": "blog.blogcategory", "pk": 2, "fields": {"created_at": "2025-02-19T06:04:55.758Z", "updated_at": "2025-02-19T06:04:55.758Z", "title": "Scalpel instrument"}}, {"model": "blog.blogcategory", "pk": 3, "fields": {"created_at": "2025-02-19T06:04:55.758Z", "updated_at": "2025-02-19T06:04:55.758Z", "title": "Microscope"}}, {"model": "blog.blogcategory", "pk": 4, "fields": {"created_at": "2025-02-19T06:04:55.758Z", "updated_at": "2025-02-19T06:04:55.758Z", "title": "First aid kit"}}, {"model": "blog.blogcategory", "pk": 5, "fields": {"created_at": "2025-02-19T06:04:55.758Z", "updated_at": "2025-02-19T06:04:55.758Z", "title": "Stethoscope"}}, {"model": "blog.blogcategory", "pk": 6, "fields": {"created_at": "2025-02-19T06:04:55.758Z", "updated_at": "2025-02-19T06:04:55.758Z", "title": "Thermometer"}}, {"model": "blog.blog", "pk": 1, "fields": {"created_at": "2025-02-19T06:04:55.768Z", "updated_at": "2025-02-19T06:04:55.768Z", "category": 1, "title": "Understanding Cardiograms", "description": "A cardiogram, also known as an electrocardiogram (ECG or EKG), is a test that records the electrical activity of the heart over a period of time. \r\n    It is a crucial tool for diagnosing heart conditions, detecting irregularities in heart rhythm, and monitoring patients with cardiovascular diseases. \r\n    Modern ECG devices are more advanced, offering real-time monitoring and remote diagnostics."}}, {"model": "blog.blog", "pk": 2, "fields": {"created_at": "2025-02-19T06:04:55.768Z", "updated_at": "2025-02-19T06:04:55.768Z", "category": 2, "title": "The Role of Scalpels in Surgery", "description": "Scalpels are precision surgical tools used in various medical procedures. They come in different shapes and sizes, each designed for specific surgeries. \r\n    The sharpness and precision of a scalpel allow for minimal tissue damage, reducing recovery time for patients. \r\n    While traditional metal scalpels are common, advancements in technology have led to the development of laser scalpels, which offer even greater precision."}}, {"model": "blog.blog", "pk": 3, "fields": {"created_at": "2025-02-19T06:04:55.768Z", "updated_at": "2025-02-19T06:04:55.768Z", "category": 3, "title": "Microscopes in Medical Research", "description": "Microscopes have been an essential tool in medical research for centuries, allowing scientists to observe microorganisms and cellular structures. \r\n    From diagnosing bacterial infections to studying cancerous tissues, the microscope plays a critical role in modern medicine. \r\n    Recent advancements include digital microscopes, AI-powered imaging, and high-resolution electron microscopes, which provide unprecedented detail at the microscopic level."}}, {"model": "blog.blog", "pk": 4, "fields": {"created_at": "2025-02-19T06:04:55.768Z", "updated_at": "2025-02-19T06:04:55.768Z", "category": 4, "title": "Essential First Aid Kit Items", "description": "A first aid kit is a collection of supplies and equipment used to provide immediate medical assistance in emergencies. \r\n    It typically includes bandages, antiseptics, pain relievers, and basic medical instruments like scissors and tweezers. \r\n    Having a well-stocked first aid kit at home, in the workplace, and in vehicles can make a significant difference in handling minor injuries and stabilizing patients before professional medical help arrives."}}, {"model": "blog.blog", "pk": 5, "fields": {"created_at": "2025-02-19T06:04:55.768Z", "updated_at": "2025-02-19T06:04:55.768Z", "category": 5, "title": "How a Stethoscope Works", "description": "A stethoscope is one of the most recognizable tools in the medical field. It is used by doctors and nurses to listen to internal body sounds, particularly heartbeats and lung function. \r\n    The device amplifies sounds, helping healthcare professionals diagnose conditions such as heart murmurs, respiratory infections, and abnormal blood flow. \r\n    Modern stethoscopes now come with digital enhancements that allow for more precise auscultation and even real-time patient monitoring through mobile apps."}}, {"model": "blog.blog", "pk": 6, "fields": {"created_at": "2025-02-19T06:04:55.768Z", "updated_at": "2025-02-19T06:04:55.768Z", "category": 6, "title": "Types of Medical Thermometers", "description": "Medical thermometers are essential for measuring body temperature, an important indicator of health. \r\n    Different types include mercury thermometers, digital thermometers, and infrared thermometers. \r\n    While mercury thermometers were widely used in the past, they have been largely replaced due to safety concerns. \r\n    Infrared thermometers, on the other hand, allow for non-contact temperature measurements, making them ideal during pandemics or in clinical settings."}}, {"model": "core.contact", "pk": 1, "fields": {"created_at": "2025-02-19T07:09:05.394Z", "updated_at": "2025-02-19T07:09:05.394Z", "full_name": "{'full_name': {...}, 'email': 'asd@gmail.com', 'phone': None, 'message': \"'\"}", "phone": null, "email": "asd@gmail.com", "message": "'"}}, {"model": "core.contact", "pk": 2, "fields": {"created_at": "2025-02-19T07:18:51.452Z", "updated_at": "2025-02-19T07:18:51.452Z", "full_name": "{'full_name': {...}, 'email': 'asda@gmail.com', 'phone': 'asdas', 'message': 'asdasd'}", "phone": "asdas", "email": "asda@gmail.com", "message": "asdasd"}}, {"model": "core.contact", "pk": 3, "fields": {"created_at": "2025-02-19T07:20:35.760Z", "updated_at": "2025-02-19T07:20:35.760Z", "full_name": "Adsasd", "phone": "ascda", "email": "asdasd@gmail.com", "message": "asdasd"}}, {"model": "core.contact", "pk": 4, "fields": {"created_at": "2025-02-19T07:21:46.896Z", "updated_at": "2025-02-19T07:21:46.896Z", "full_name": "Dflkbdflk", "phone": "asda", "email": "ssfdd@gmail.com", "message": "asda"}}, {"model": "core.contact", "pk": 5, "fields": {"created_at": "2025-02-19T15:00:56.231Z", "updated_at": "2025-02-19T15:00:56.231Z", "full_name": "Asdasd", "phone": "adasd", "email": "adas@gmail.com", "message": "adsasd"}}, {"model": "product.productcategory", "pk": 67, "fields": {"created_at": "2025-02-21T13:22:39.355Z", "updated_at": "2025-02-21T13:22:39.355Z", "parent": null, "title": "Cardiogram", "icon": "image/index/menu/menu-icon1.png"}}, {"model": "product.productcategory", "pk": 68, "fields": {"created_at": "2025-02-21T13:22:39.355Z", "updated_at": "2025-02-21T13:22:39.355Z", "parent": null, "title": "Scalpel Instrument", "icon": "image/index/menu/menu-icon2.png"}}, {"model": "product.productcategory", "pk": 69, "fields": {"created_at": "2025-02-21T13:22:39.355Z", "updated_at": "2025-02-21T13:22:39.355Z", "parent": null, "title": "Microscope", "icon": "image/index/menu/menu-icon3.png"}}, {"model": "product.productcategory", "pk": 70, "fields": {"created_at": "2025-02-21T13:22:39.355Z", "updated_at": "2025-02-21T13:22:39.355Z", "parent": null, "title": "First Aid Kit", "icon": "image/index/menu/menu-icon4.png"}}, {"model": "product.productcategory", "pk": 71, "fields": {"created_at": "2025-02-21T13:22:39.355Z", "updated_at": "2025-02-21T13:22:39.355Z", "parent": null, "title": "Stethoscope", "icon": "image/index/menu/menu-icon5.png"}}, {"model": "product.productcategory", "pk": 72, "fields": {"created_at": "2025-02-21T13:22:39.355Z", "updated_at": "2025-02-21T13:22:39.355Z", "parent": null, "title": "Thermometer", "icon": "image/index/menu/menu-icon6.png"}}, {"model": "product.productcategory", "pk": 73, "fields": {"created_at": "2025-02-21T13:22:39.355Z", "updated_at": "2025-02-21T13:22:39.355Z", "parent": null, "title": "Dumbbells", "icon": "image/index/menu/menu-icon7.png"}}, {"model": "product.productcategory", "pk": 74, "fields": {"created_at": "2025-02-21T13:22:39.355Z", "updated_at": "2025-02-21T13:22:39.355Z", "parent": null, "title": "Notebook", "icon": "image/index/menu/menu-icon8.png"}}, {"model": "product.productcategory", "pk": 75, "fields": {"created_at": "2025-02-21T13:22:39.355Z", "updated_at": "2025-02-21T13:22:39.355Z", "parent": null, "title": "Wheelchair", "icon": "image/index/menu/menu-icon9.png"}}, {"model": "product.productcategory", "pk": 76, "fields": {"created_at": "2025-02-21T13:22:39.355Z", "updated_at": "2025-02-21T13:22:39.355Z", "parent": null, "title": "Syringe", "icon": "image/index/menu/menu-icon10.png"}}, {"model": "product.productcategory", "pk": 77, "fields": {"created_at": "2025-02-21T13:22:39.355Z", "updated_at": "2025-02-21T13:22:39.355Z", "parent": null, "title": "Weighing Scale", "icon": "image/index/menu/menu-icon11.png"}}, {"model": "product.productcategory", "pk": 78, "fields": {"created_at": "2025-02-21T13:22:39.363Z", "updated_at": "2025-02-21T13:22:39.363Z", "parent": 77, "title": "Digital Weighing Scale", "icon": ""}}, {"model": "product.productcategory", "pk": 79, "fields": {"created_at": "2025-02-21T13:22:39.363Z", "updated_at": "2025-02-21T13:22:39.363Z", "parent": 77, "title": "Mechanical Weighing Scale", "icon": ""}}, {"model": "product.productcategory", "pk": 80, "fields": {"created_at": "2025-02-21T13:22:39.363Z", "updated_at": "2025-02-21T13:22:39.363Z", "parent": 77, "title": "Smart Body Weight Scale", "icon": ""}}, {"model": "product.productcategory", "pk": 81, "fields": {"created_at": "2025-02-21T13:22:39.363Z", "updated_at": "2025-02-21T13:22:39.363Z", "parent": 77, "title": "Bathroom Weighing Scale", "icon": ""}}, {"model": "product.productcategory", "pk": 82, "fields": {"created_at": "2025-02-21T13:22:39.370Z", "updated_at": "2025-02-21T13:22:39.370Z", "parent": 76, "title": "Disposable Syringes", "icon": ""}}, {"model": "product.productcategory", "pk": 83, "fields": {"created_at": "2025-02-21T13:22:39.370Z", "updated_at": "2025-02-21T13:22:39.370Z", "parent": 76, "title": "Insulin Syringes", "icon": ""}}, {"model": "product.productcategory", "pk": 84, "fields": {"created_at": "2025-02-21T13:22:39.370Z", "updated_at": "2025-02-21T13:22:39.370Z", "parent": 76, "title": "Safety Syringes", "icon": ""}}, {"model": "product.productcategory", "pk": 85, "fields": {"created_at": "2025-02-21T13:22:39.370Z", "updated_at": "2025-02-21T13:22:39.370Z", "parent": 76, "title": "Luer Lock Syringes", "icon": ""}}, {"model": "product.productcategory", "pk": 86, "fields": {"created_at": "2025-02-21T13:22:39.377Z", "updated_at": "2025-02-21T13:22:39.377Z", "parent": 75, "title": "Foldable Wheelchairs", "icon": ""}}, {"model": "product.productcategory", "pk": 87, "fields": {"created_at": "2025-02-21T13:22:39.377Z", "updated_at": "2025-02-21T13:22:39.377Z", "parent": 75, "title": "Electric Wheelchairs", "icon": ""}}, {"model": "product.productcategory", "pk": 88, "fields": {"created_at": "2025-02-21T13:22:39.377Z", "updated_at": "2025-02-21T13:22:39.377Z", "parent": 75, "title": "Manual Wheelchairs", "icon": ""}}, {"model": "product.productcategory", "pk": 89, "fields": {"created_at": "2025-02-21T13:22:39.377Z", "updated_at": "2025-02-21T13:22:39.377Z", "parent": 75, "title": "Reclining Wheelchairs", "icon": ""}}, {"model": "product.productcategory", "pk": 90, "fields": {"created_at": "2025-02-21T13:22:39.381Z", "updated_at": "2025-02-21T13:22:39.381Z", "parent": 74, "title": "Medical Research Notebooks", "icon": ""}}, {"model": "product.productcategory", "pk": 91, "fields": {"created_at": "2025-02-21T13:22:39.381Z", "updated_at": "2025-02-21T13:22:39.381Z", "parent": 74, "title": "Pocket-size Notebooks", "icon": ""}}, {"model": "product.productcategory", "pk": 92, "fields": {"created_at": "2025-02-21T13:22:39.381Z", "updated_at": "2025-02-21T13:22:39.381Z", "parent": 74, "title": "Lab Notebooks", "icon": ""}}, {"model": "product.productcategory", "pk": 93, "fields": {"created_at": "2025-02-21T13:22:39.381Z", "updated_at": "2025-02-21T13:22:39.381Z", "parent": 74, "title": "Pocket-sized Journals", "icon": ""}}, {"model": "product.productcategory", "pk": 94, "fields": {"created_at": "2025-02-21T13:22:39.386Z", "updated_at": "2025-02-21T13:22:39.386Z", "parent": 73, "title": "Adjustable Dumbbells", "icon": ""}}, {"model": "product.productcategory", "pk": 95, "fields": {"created_at": "2025-02-21T13:22:39.386Z", "updated_at": "2025-02-21T13:22:39.386Z", "parent": 73, "title": "Hexagonal Dumbbells", "icon": ""}}, {"model": "product.productcategory", "pk": 96, "fields": {"created_at": "2025-02-21T13:22:39.386Z", "updated_at": "2025-02-21T13:22:39.386Z", "parent": 73, "title": "Rubber-coated Dumbbells", "icon": ""}}, {"model": "product.productcategory", "pk": 97, "fields": {"created_at": "2025-02-21T13:22:39.386Z", "updated_at": "2025-02-21T13:22:39.386Z", "parent": 73, "title": "Vinyl Dumbbells", "icon": ""}}, {"model": "product.productcategory", "pk": 98, "fields": {"created_at": "2025-02-21T13:22:39.390Z", "updated_at": "2025-02-21T13:22:39.390Z", "parent": 72, "title": "Infrared Thermometers", "icon": ""}}, {"model": "product.productcategory", "pk": 99, "fields": {"created_at": "2025-02-21T13:22:39.390Z", "updated_at": "2025-02-21T13:22:39.390Z", "parent": 72, "title": "Digital Thermometers", "icon": ""}}, {"model": "product.productcategory", "pk": 100, "fields": {"created_at": "2025-02-21T13:22:39.390Z", "updated_at": "2025-02-21T13:22:39.390Z", "parent": 72, "title": "Mercury Thermometers", "icon": ""}}, {"model": "product.productcategory", "pk": 101, "fields": {"created_at": "2025-02-21T13:22:39.390Z", "updated_at": "2025-02-21T13:22:39.390Z", "parent": 72, "title": "Clinical Thermometers", "icon": ""}}, {"model": "product.productcategory", "pk": 102, "fields": {"created_at": "2025-02-21T13:22:39.395Z", "updated_at": "2025-02-21T13:22:39.395Z", "parent": 71, "title": "Digital Stethoscopes", "icon": ""}}, {"model": "product.productcategory", "pk": 103, "fields": {"created_at": "2025-02-21T13:22:39.395Z", "updated_at": "2025-02-21T13:22:39.395Z", "parent": 71, "title": "Dual Head Stethoscopes", "icon": ""}}, {"model": "product.productcategory", "pk": 104, "fields": {"created_at": "2025-02-21T13:22:39.395Z", "updated_at": "2025-02-21T13:22:39.395Z", "parent": 71, "title": "Lightweight Stethoscopes", "icon": ""}}, {"model": "product.productcategory", "pk": 105, "fields": {"created_at": "2025-02-21T13:22:39.395Z", "updated_at": "2025-02-21T13:22:39.395Z", "parent": 71, "title": "Pediatric Stethoscopes", "icon": ""}}, {"model": "product.productcategory", "pk": 106, "fields": {"created_at": "2025-02-21T13:22:39.399Z", "updated_at": "2025-02-21T13:22:39.399Z", "parent": 70, "title": "Basic First Aid Kit", "icon": ""}}, {"model": "product.productcategory", "pk": 107, "fields": {"created_at": "2025-02-21T13:22:39.399Z", "updated_at": "2025-02-21T13:22:39.399Z", "parent": 70, "title": "Advanced First Aid Kit", "icon": ""}}, {"model": "product.productcategory", "pk": 108, "fields": {"created_at": "2025-02-21T13:22:39.399Z", "updated_at": "2025-02-21T13:22:39.399Z", "parent": 70, "title": "Travel First Aid Kit", "icon": ""}}, {"model": "product.productcategory", "pk": 109, "fields": {"created_at": "2025-02-21T13:22:39.399Z", "updated_at": "2025-02-21T13:22:39.399Z", "parent": 70, "title": "Industrial First Aid Kit", "icon": ""}}, {"model": "product.productcategory", "pk": 110, "fields": {"created_at": "2025-02-21T13:22:39.404Z", "updated_at": "2025-02-21T13:22:39.404Z", "parent": 69, "title": "Digital Microscopes", "icon": ""}}, {"model": "product.productcategory", "pk": 111, "fields": {"created_at": "2025-02-21T13:22:39.404Z", "updated_at": "2025-02-21T13:22:39.404Z", "parent": 69, "title": "Biological Research Microscopes", "icon": ""}}, {"model": "product.productcategory", "pk": 112, "fields": {"created_at": "2025-02-21T13:22:39.404Z", "updated_at": "2025-02-21T13:22:39.404Z", "parent": 69, "title": "USB Microscopes", "icon": ""}}, {"model": "product.productcategory", "pk": 113, "fields": {"created_at": "2025-02-21T13:22:39.404Z", "updated_at": "2025-02-21T13:22:39.404Z", "parent": 69, "title": "Student Microscopes", "icon": ""}}, {"model": "product.productcategory", "pk": 114, "fields": {"created_at": "2025-02-21T13:22:39.409Z", "updated_at": "2025-02-21T13:22:39.409Z", "parent": 68, "title": "Disposable Scalpel Blades", "icon": ""}}, {"model": "product.productcategory", "pk": 115, "fields": {"created_at": "2025-02-21T13:22:39.409Z", "updated_at": "2025-02-21T13:22:39.409Z", "parent": 68, "title": "Surgical Scalpels", "icon": ""}}, {"model": "product.productcategory", "pk": 116, "fields": {"created_at": "2025-02-21T13:22:39.409Z", "updated_at": "2025-02-21T13:22:39.409Z", "parent": 68, "title": "Stainless Steel Scalpels", "icon": ""}}, {"model": "product.productcategory", "pk": 117, "fields": {"created_at": "2025-02-21T13:22:39.409Z", "updated_at": "2025-02-21T13:22:39.409Z", "parent": 68, "title": "Sterile Scalpel Blades", "icon": ""}}, {"model": "product.productcategory", "pk": 118, "fields": {"created_at": "2025-02-21T13:22:39.414Z", "updated_at": "2025-02-21T13:22:39.414Z", "parent": 67, "title": "Portable ECG Monitors", "icon": ""}}, {"model": "product.productcategory", "pk": 119, "fields": {"created_at": "2025-02-21T13:22:39.414Z", "updated_at": "2025-02-21T13:22:39.414Z", "parent": 67, "title": "Heart Rate Monitors", "icon": ""}}, {"model": "product.productcategory", "pk": 120, "fields": {"created_at": "2025-02-21T13:22:39.414Z", "updated_at": "2025-02-21T13:22:39.414Z", "parent": 67, "title": "Blood Pressure Monitors", "icon": ""}}, {"model": "product.productcategory", "pk": 121, "fields": {"created_at": "2025-02-21T13:22:39.414Z", "updated_at": "2025-02-21T13:22:39.414Z", "parent": 67, "title": "EKG Machines", "icon": ""}}, {"model": "product.product", "pk": 175, "fields": {"created_at": "2025-02-21T13:22:39.421Z", "updated_at": "2025-02-21T13:22:39.421Z", "category": 78, "title": "Smart Digital Weighing Scale", "description": "High-precision digital scale with body composition analysis.", "price": "49.99", "cover_image": "image/product/smart_digital_scale.jpg", "quantity": 150, "weight": 2.0, "tags": []}}, {"model": "product.product", "pk": 176, "fields": {"created_at": "2025-02-21T13:22:39.421Z", "updated_at": "2025-02-21T13:22:39.421Z", "category": 78, "title": "Advanced Digital Weighing Scale", "description": "Bluetooth-enabled scale with smartphone integration.", "price": "69.99", "cover_image": "image/product/advanced_digital_scale.jpg", "quantity": 120, "weight": 2.5, "tags": []}}, {"model": "product.product", "pk": 177, "fields": {"created_at": "2025-02-21T13:22:39.431Z", "updated_at": "2025-02-21T13:22:39.431Z", "category": 79, "title": "Classic Mechanical Scale", "description": "Durable mechanical scale with analog dial.", "price": "29.99", "cover_image": "image/product/classic_mechanical_scale.jpg", "quantity": 200, "weight": 4.0, "tags": []}}, {"model": "product.product", "pk": 178, "fields": {"created_at": "2025-02-21T13:22:39.431Z", "updated_at": "2025-02-21T13:22:39.431Z", "category": 79, "title": "Heavy Duty Mechanical Scale", "description": "Robust scale designed for heavy usage.", "price": "39.99", "cover_image": "image/product/heavy_duty_mechanical_scale.jpg", "quantity": 150, "weight": 5.0, "tags": []}}, {"model": "product.product", "pk": 179, "fields": {"created_at": "2025-02-21T13:22:39.437Z", "updated_at": "2025-02-21T13:22:39.437Z", "category": 80, "title": "WiFi Smart Body Weight Scale", "description": "Scale with WiFi connectivity and health tracking features.", "price": "79.99", "cover_image": "image/product/wifi_smart_scale.jpg", "quantity": 100, "weight": 2.3, "tags": []}}, {"model": "product.product", "pk": 180, "fields": {"created_at": "2025-02-21T13:22:39.437Z", "updated_at": "2025-02-21T13:22:39.437Z", "category": 80, "title": "Smart Body Composition Analyzer", "description": "Measures body fat, muscle, and water composition.", "price": "89.99", "cover_image": "image/product/smart_body_composition.jpg", "quantity": 90, "weight": 2.4, "tags": []}}, {"model": "product.product", "pk": 181, "fields": {"created_at": "2025-02-21T13:22:39.442Z", "updated_at": "2025-02-21T13:22:39.442Z", "category": 81, "title": "Sleek Bathroom Scale", "description": "Modern design scale for bathroom use.", "price": "34.99", "cover_image": "image/product/sleek_bathroom_scale.jpg", "quantity": 180, "weight": 3.0, "tags": []}}, {"model": "product.product", "pk": 182, "fields": {"created_at": "2025-02-21T13:22:39.442Z", "updated_at": "2025-02-21T13:22:39.442Z", "category": 81, "title": "Compact Bathroom Scale", "description": "Space-saving design with accurate measurements.", "price": "24.99", "cover_image": "image/product/compact_bathroom_scale.jpg", "quantity": 220, "weight": 2.8, "tags": []}}, {"model": "product.product", "pk": 183, "fields": {"created_at": "2025-02-21T13:22:39.447Z", "updated_at": "2025-02-21T13:22:39.447Z", "category": 82, "title": "Sterile Disposable Syringes 10ml", "description": "Pack of 100 sterile disposable syringes for general use.", "price": "29.99", "cover_image": "image/product/sterile_disposable_syringes_10ml.jpg", "quantity": 500, "weight": 0.5, "tags": []}}, {"model": "product.product", "pk": 184, "fields": {"created_at": "2025-02-21T13:22:39.447Z", "updated_at": "2025-02-21T13:22:39.447Z", "category": 82, "title": "Disposable Syringes 5ml", "description": "Pack of 100 disposable syringes for precise dosing.", "price": "19.99", "cover_image": "image/product/disposable_syringes_5ml.jpg", "quantity": 600, "weight": 0.4, "tags": []}}, {"model": "product.product", "pk": 185, "fields": {"created_at": "2025-02-21T13:22:39.452Z", "updated_at": "2025-02-21T13:22:39.452Z", "category": 83, "title": "Insulin Syringes - Pack of 50", "description": "Pack of 50 insulin syringes for diabetes management.", "price": "19.99", "cover_image": "image/product/insulin_syringes_50.jpg", "quantity": 300, "weight": 0.4, "tags": []}}, {"model": "product.product", "pk": 186, "fields": {"created_at": "2025-02-21T13:22:39.452Z", "updated_at": "2025-02-21T13:22:39.452Z", "category": 83, "title": "Insulin Syringes - Pack of 100", "description": "Economical pack of 100 insulin syringes.", "price": "34.99", "cover_image": "image/product/insulin_syringes_100.jpg", "quantity": 250, "weight": 0.5, "tags": []}}, {"model": "product.product", "pk": 187, "fields": {"created_at": "2025-02-21T13:22:39.456Z", "updated_at": "2025-02-21T13:22:39.456Z", "category": 84, "title": "Auto-disable Safety Syringes", "description": "Safety syringes that automatically disable after one use.", "price": "24.99", "cover_image": "image/product/auto_disable_syringes.jpg", "quantity": 400, "weight": 0.45, "tags": []}}, {"model": "product.product", "pk": 188, "fields": {"created_at": "2025-02-21T13:22:39.456Z", "updated_at": "2025-02-21T13:22:39.456Z", "category": 84, "title": "Needle-Free Safety Syringes", "description": "Innovative needle-free safety syringe for reduced risk.", "price": "29.99", "cover_image": "image/product/needle_free_syringes.jpg", "quantity": 350, "weight": 0.5, "tags": []}}, {"model": "product.product", "pk": 189, "fields": {"created_at": "2025-02-21T13:22:39.461Z", "updated_at": "2025-02-21T13:22:39.461Z", "category": 85, "title": "Luer Lock Syringes 5ml", "description": "High-quality Luer lock syringes for secure connections.", "price": "22.99", "cover_image": "image/product/luer_lock_5ml.jpg", "quantity": 450, "weight": 0.42, "tags": []}}, {"model": "product.product", "pk": 190, "fields": {"created_at": "2025-02-21T13:22:39.461Z", "updated_at": "2025-02-21T13:22:39.461Z", "category": 85, "title": "Luer Lock Syringes 10ml", "description": "10ml Luer lock syringes for medical precision.", "price": "27.99", "cover_image": "image/product/luer_lock_10ml.jpg", "quantity": 400, "weight": 0.5, "tags": []}}, {"model": "product.product", "pk": 191, "fields": {"created_at": "2025-02-21T13:22:39.465Z", "updated_at": "2025-02-21T13:22:39.465Z", "category": 86, "title": "Lightweight Foldable Wheelchair", "description": "Compact and foldable wheelchair with an aluminum frame.", "price": "249.99", "cover_image": "image/product/lightweight_foldable_wheelchair.jpg", "quantity": 50, "weight": 12.0, "tags": []}}, {"model": "product.product", "pk": 192, "fields": {"created_at": "2025-02-21T13:22:39.465Z", "updated_at": "2025-02-21T13:22:39.465Z", "category": 86, "title": "Portable Foldable Wheelchair", "description": "Easy-to-carry foldable wheelchair designed for travel.", "price": "299.99", "cover_image": "image/product/portable_foldable_wheelchair.jpg", "quantity": 40, "weight": 13.5, "tags": []}}, {"model": "product.product", "pk": 193, "fields": {"created_at": "2025-02-21T13:22:39.468Z", "updated_at": "2025-02-21T13:22:39.468Z", "category": 87, "title": "Battery-Powered Electric Wheelchair", "description": "Electric wheelchair with remote control and rechargeable battery.", "price": "899.99", "cover_image": "image/product/battery_electric_wheelchair.jpg", "quantity": 15, "weight": 25.0, "tags": []}}, {"model": "product.product", "pk": 194, "fields": {"created_at": "2025-02-21T13:22:39.468Z", "updated_at": "2025-02-21T13:22:39.468Z", "category": 87, "title": "Rechargeable Electric Wheelchair", "description": "Modern electric wheelchair with joystick control.", "price": "999.99", "cover_image": "image/product/rechargeable_electric_wheelchair.jpg", "quantity": 10, "weight": 30.0, "tags": []}}, {"model": "product.product", "pk": 195, "fields": {"created_at": "2025-02-21T13:22:39.472Z", "updated_at": "2025-02-21T13:22:39.472Z", "category": 88, "title": "Standard Manual Wheelchair", "description": "Reliable manual wheelchair with cushioned seating for daily use.", "price": "349.99", "cover_image": "image/product/standard_manual_wheelchair.jpg", "quantity": 35, "weight": 20.0, "tags": []}}, {"model": "product.product", "pk": 196, "fields": {"created_at": "2025-02-21T13:22:39.472Z", "updated_at": "2025-02-21T13:22:39.472Z", "category": 88, "title": "Lightweight Manual Wheelchair", "description": "Manual wheelchair made with lightweight materials for easier handling.", "price": "329.99", "cover_image": "image/product/lightweight_manual_wheelchair.jpg", "quantity": 45, "weight": 18.0, "tags": []}}, {"model": "product.product", "pk": 197, "fields": {"created_at": "2025-02-21T13:22:39.477Z", "updated_at": "2025-02-21T13:22:39.477Z", "category": 89, "title": "Reclining Comfort Wheelchair", "description": "Wheelchair with reclining backrest for enhanced comfort.", "price": "399.99", "cover_image": "image/product/reclining_comfort_wheelchair.jpg", "quantity": 30, "weight": 22.0, "tags": []}}, {"model": "product.product", "pk": 198, "fields": {"created_at": "2025-02-21T13:22:39.477Z", "updated_at": "2025-02-21T13:22:39.477Z", "category": 89, "title": "Luxury Reclining Wheelchair", "description": "Premium reclining wheelchair with adjustable footrests and padded seating.", "price": "499.99", "cover_image": "image/product/luxury_reclining_wheelchair.jpg", "quantity": 20, "weight": 24.0, "tags": []}}, {"model": "product.product", "pk": 199, "fields": {"created_at": "2025-02-21T13:22:39.482Z", "updated_at": "2025-02-21T13:22:39.482Z", "category": 90, "title": "Hardcover Medical Research Notebook", "description": "Durable hardcover notebook for lab notes and research observations.", "price": "14.99", "cover_image": "image/product/hardcover_medical_notebook.jpg", "quantity": 300, "weight": 0.6, "tags": []}}, {"model": "product.product", "pk": 200, "fields": {"created_at": "2025-02-21T13:22:39.482Z", "updated_at": "2025-02-21T13:22:39.482Z", "category": 90, "title": "A5 Medical Journal", "description": "Compact A5 notebook ideal for recording medical data.", "price": "7.99", "cover_image": "image/product/a5_medical_journal.jpg", "quantity": 500, "weight": 0.4, "tags": []}}, {"model": "product.product", "pk": 201, "fields": {"created_at": "2025-02-21T13:22:39.485Z", "updated_at": "2025-02-21T13:22:39.485Z", "category": 91, "title": "Pocket Medical Notebook", "description": "Small and portable notebook for quick medical notes.", "price": "5.99", "cover_image": "image/product/pocket_medical_notebook.jpg", "quantity": 400, "weight": 0.3, "tags": []}}, {"model": "product.product", "pk": 202, "fields": {"created_at": "2025-02-21T13:22:39.485Z", "updated_at": "2025-02-21T13:22:39.485Z", "category": 91, "title": "Compact Pocket Notebook", "description": "Ideal for carrying in a lab coat pocket for on-the-go note-taking.", "price": "4.99", "cover_image": "image/product/compact_pocket_notebook.jpg", "quantity": 600, "weight": 0.2, "tags": []}}, {"model": "product.product", "pk": 203, "fields": {"created_at": "2025-02-21T13:22:39.488Z", "updated_at": "2025-02-21T13:22:39.488Z", "category": 92, "title": "Spiral Lab Notebook", "description": "Spiral-bound notebook designed for laboratory experiments.", "price": "9.99", "cover_image": "image/product/spiral_lab_notebook.jpg", "quantity": 350, "weight": 0.5, "tags": []}}, {"model": "product.product", "pk": 204, "fields": {"created_at": "2025-02-21T13:22:39.488Z", "updated_at": "2025-02-21T13:22:39.488Z", "category": 92, "title": "Scientific Lab Notebook", "description": "Notebook with grid pages for scientific data logging.", "price": "11.99", "cover_image": "image/product/scientific_lab_notebook.jpg", "quantity": 300, "weight": 0.55, "tags": []}}, {"model": "product.product", "pk": 205, "fields": {"created_at": "2025-02-21T13:22:39.493Z", "updated_at": "2025-02-21T13:22:39.493Z", "category": 93, "title": "Leather Pocket Journal", "description": "Elegant leather-bound journal for personal or medical notes.", "price": "12.99", "cover_image": "image/product/leather_pocket_journal.jpg", "quantity": 250, "weight": 0.4, "tags": []}}, {"model": "product.product", "pk": 206, "fields": {"created_at": "2025-02-21T13:22:39.493Z", "updated_at": "2025-02-21T13:22:39.493Z", "category": 93, "title": "Mini Journal", "description": "Small journal ideal for quick notes during rounds.", "price": "6.99", "cover_image": "image/product/mini_journal.jpg", "quantity": 300, "weight": 0.3, "tags": []}}, {"model": "product.product", "pk": 207, "fields": {"created_at": "2025-02-21T13:22:39.497Z", "updated_at": "2025-02-21T13:22:39.497Z", "category": 94, "title": "Adjustable Dumbbell Set (2-24 kg)", "description": "Set of adjustable dumbbells with weight increments from 2 to 24 kg.", "price": "99.99", "cover_image": "image/product/adjustable_dumbbell_set.jpg", "quantity": 150, "weight": 20.0, "tags": []}}, {"model": "product.product", "pk": 208, "fields": {"created_at": "2025-02-21T13:22:39.497Z", "updated_at": "2025-02-21T13:22:39.497Z", "category": 94, "title": "Compact Adjustable Dumbbell", "description": "Space-saving adjustable dumbbell ideal for home workouts.", "price": "89.99", "cover_image": "image/product/compact_adjustable_dumbbell.jpg", "quantity": 120, "weight": 18.0, "tags": []}}, {"model": "product.product", "pk": 209, "fields": {"created_at": "2025-02-21T13:22:39.501Z", "updated_at": "2025-02-21T13:22:39.501Z", "category": 95, "title": "Hex Dumbbell Set", "description": "Set of hexagonal dumbbells for stable grip and reduced noise.", "price": "79.99", "cover_image": "image/product/hex_dumbbell_set.jpg", "quantity": 100, "weight": 15.0, "tags": []}}, {"model": "product.product", "pk": 210, "fields": {"created_at": "2025-02-21T13:22:39.501Z", "updated_at": "2025-02-21T13:22:39.501Z", "category": 95, "title": "Single Hex Dumbbell", "description": "Durable hex dumbbell available in multiple weights.", "price": "39.99", "cover_image": "image/product/single_hex_dumbbell.jpg", "quantity": 140, "weight": 12.0, "tags": []}}, {"model": "product.product", "pk": 211, "fields": {"created_at": "2025-02-21T13:22:39.505Z", "updated_at": "2025-02-21T13:22:39.505Z", "category": 96, "title": "Rubber-coated Dumbbell Pair", "description": "Pair of rubber-coated dumbbells for comfortable grip.", "price": "59.99", "cover_image": "image/product/rubber_coated_dumbbell_pair.jpg", "quantity": 120, "weight": 10.0, "tags": []}}, {"model": "product.product", "pk": 212, "fields": {"created_at": "2025-02-21T13:22:39.505Z", "updated_at": "2025-02-21T13:22:39.505Z", "category": 96, "title": "Set of Rubber-coated Dumbbells", "description": "Set of varied weight rubber-coated dumbbells for strength training.", "price": "129.99", "cover_image": "image/product/rubber_coated_dumbbell_set.jpg", "quantity": 80, "weight": 20.0, "tags": []}}, {"model": "product.product", "pk": 213, "fields": {"created_at": "2025-02-21T13:22:39.510Z", "updated_at": "2025-02-21T13:22:39.510Z", "category": 97, "title": "Vinyl Dumbbell Pair", "description": "Comfortable vinyl dumbbells with non-slip coating.", "price": "49.99", "cover_image": "image/product/vinyl_dumbbell_pair.jpg", "quantity": 110, "weight": 8.0, "tags": []}}, {"model": "product.product", "pk": 214, "fields": {"created_at": "2025-02-21T13:22:39.510Z", "updated_at": "2025-02-21T13:22:39.510Z", "category": 97, "title": "Set of Vinyl Dumbbells", "description": "Set of vinyl dumbbells available in different weights.", "price": "89.99", "cover_image": "image/product/vinyl_dumbbell_set.jpg", "quantity": 90, "weight": 16.0, "tags": []}}, {"model": "product.product", "pk": 215, "fields": {"created_at": "2025-02-21T13:22:39.515Z", "updated_at": "2025-02-21T13:22:39.515Z", "category": 98, "title": "Non-Contact Infrared Thermometer", "description": "Quick and accurate non-contact thermometer with LCD display.", "price": "39.99", "cover_image": "image/product/non_contact_infrared_thermometer.jpg", "quantity": 200, "weight": 0.4, "tags": []}}, {"model": "product.product", "pk": 216, "fields": {"created_at": "2025-02-21T13:22:39.515Z", "updated_at": "2025-02-21T13:22:39.515Z", "category": 98, "title": "Infrared Thermometer with Laser Guide", "description": "Infrared thermometer featuring laser guidance for precision.", "price": "49.99", "cover_image": "image/product/laser_infrared_thermometer.jpg", "quantity": 180, "weight": 0.45, "tags": []}}, {"model": "product.product", "pk": 217, "fields": {"created_at": "2025-02-21T13:22:39.518Z", "updated_at": "2025-02-21T13:22:39.518Z", "category": 99, "title": "Digital Oral Thermometer", "description": "Accurate digital thermometer for oral temperature measurements.", "price": "24.99", "cover_image": "image/product/digital_oral_thermometer.jpg", "quantity": 220, "weight": 0.2, "tags": []}}, {"model": "product.product", "pk": 218, "fields": {"created_at": "2025-02-21T13:22:39.518Z", "updated_at": "2025-02-21T13:22:39.518Z", "category": 99, "title": "Digital Ear Thermometer", "description": "Fast digital thermometer for ear temperature measurement.", "price": "29.99", "cover_image": "image/product/digital_ear_thermometer.jpg", "quantity": 200, "weight": 0.25, "tags": []}}, {"model": "product.product", "pk": 219, "fields": {"created_at": "2025-02-21T13:22:39.522Z", "updated_at": "2025-02-21T13:22:39.522Z", "category": 100, "title": "Classic Mercury Thermometer", "description": "Traditional mercury thermometer for precise temperature readings.", "price": "12.99", "cover_image": "image/product/classic_mercury_thermometer.jpg", "quantity": 150, "weight": 0.2, "tags": []}}, {"model": "product.product", "pk": 220, "fields": {"created_at": "2025-02-21T13:22:39.522Z", "updated_at": "2025-02-21T13:22:39.522Z", "category": 100, "title": "Antique Mercury Thermometer", "description": "Antique-style mercury thermometer for collectors and labs.", "price": "19.99", "cover_image": "image/product/antique_mercury_thermometer.jpg", "quantity": 100, "weight": 0.25, "tags": []}}, {"model": "product.product", "pk": 221, "fields": {"created_at": "2025-02-21T13:22:39.526Z", "updated_at": "2025-02-21T13:22:39.526Z", "category": 101, "title": "Clinical Digital Thermometer", "description": "Digital thermometer designed for clinical and hospital use.", "price": "34.99", "cover_image": "image/product/clinical_digital_thermometer.jpg", "quantity": 130, "weight": 0.3, "tags": []}}, {"model": "product.product", "pk": 222, "fields": {"created_at": "2025-02-21T13:22:39.526Z", "updated_at": "2025-02-21T13:22:39.526Z", "category": 101, "title": "Medical Clinical Thermometer", "description": "High-accuracy clinical thermometer with rapid response time.", "price": "39.99", "cover_image": "image/product/medical_clinical_thermometer.jpg", "quantity": 120, "weight": 0.35, "tags": []}}, {"model": "product.product", "pk": 223, "fields": {"created_at": "2025-02-21T13:22:39.531Z", "updated_at": "2025-02-21T13:22:39.531Z", "category": 102, "title": "Electronic Digital Stethoscope", "description": "Electronic stethoscope with sound amplification and noise reduction.", "price": "179.99", "cover_image": "image/product/electronic_digital_stethoscope.jpg", "quantity": 80, "weight": 0.4, "tags": []}}, {"model": "product.product", "pk": 224, "fields": {"created_at": "2025-02-21T13:22:39.531Z", "updated_at": "2025-02-21T13:22:39.531Z", "category": 102, "title": "Bluetooth Digital Stethoscope", "description": "Stethoscope with Bluetooth connectivity for audio recording.", "price": "199.99", "cover_image": "image/product/bluetooth_digital_stethoscope.jpg", "quantity": 70, "weight": 0.45, "tags": []}}, {"model": "product.product", "pk": 225, "fields": {"created_at": "2025-02-21T13:22:39.535Z", "updated_at": "2025-02-21T13:22:39.535Z", "category": 103, "title": "Dual Head Acoustic Stethoscope", "description": "Traditional dual-head stethoscope for enhanced acoustic performance.", "price": "99.99", "cover_image": "image/product/dual_head_acoustic_stethoscope.jpg", "quantity": 90, "weight": 0.3, "tags": []}}, {"model": "product.product", "pk": 226, "fields": {"created_at": "2025-02-21T13:22:39.535Z", "updated_at": "2025-02-21T13:22:39.535Z", "category": 103, "title": "Dual Head Professional Stethoscope", "description": "Professional-grade stethoscope with dual-head design for clarity.", "price": "119.99", "cover_image": "image/product/dual_head_professional_stethoscope.jpg", "quantity": 80, "weight": 0.35, "tags": []}}, {"model": "product.product", "pk": 227, "fields": {"created_at": "2025-02-21T13:22:39.538Z", "updated_at": "2025-02-21T13:22:39.538Z", "category": 104, "title": "Ultra Lightweight Stethoscope", "description": "Stethoscope designed for ease of use and long shifts.", "price": "89.99", "cover_image": "image/product/ultra_lightweight_stethoscope.jpg", "quantity": 100, "weight": 0.28, "tags": []}}, {"model": "product.product", "pk": 228, "fields": {"created_at": "2025-02-21T13:22:39.538Z", "updated_at": "2025-02-21T13:22:39.538Z", "category": 104, "title": "Compact Lightweight Stethoscope", "description": "Compact design stethoscope perfect for travel and daily use.", "price": "79.99", "cover_image": "image/product/compact_lightweight_stethoscope.jpg", "quantity": 110, "weight": 0.3, "tags": []}}, {"model": "product.product", "pk": 229, "fields": {"created_at": "2025-02-21T13:22:39.542Z", "updated_at": "2025-02-21T13:22:39.542Z", "category": 105, "title": "Pediatric Stethoscope", "description": "Stethoscope designed specifically for pediatric patients.", "price": "89.99", "cover_image": "image/product/pediatric_stethoscope.jpg", "quantity": 95, "weight": 0.32, "tags": []}}, {"model": "product.product", "pk": 230, "fields": {"created_at": "2025-02-21T13:22:39.542Z", "updated_at": "2025-02-21T13:22:39.542Z", "category": 105, "title": "Child-Friendly Stethoscope", "description": "Colorful and ergonomic stethoscope for children.", "price": "79.99", "cover_image": "image/product/child_friendly_stethoscope.jpg", "quantity": 85, "weight": 0.3, "tags": []}}, {"model": "product.product", "pk": 231, "fields": {"created_at": "2025-02-21T13:22:39.547Z", "updated_at": "2025-02-21T13:22:39.547Z", "category": 106, "title": "Home Basic First Aid Kit", "description": "Essential supplies for minor injuries and emergencies at home.", "price": "24.99", "cover_image": "image/product/home_basic_first_aid_kit.jpg", "quantity": 300, "weight": 1.0, "tags": []}}, {"model": "product.product", "pk": 232, "fields": {"created_at": "2025-02-21T13:22:39.547Z", "updated_at": "2025-02-21T13:22:39.547Z", "category": 106, "title": "Travel Basic First Aid Kit", "description": "Compact first aid kit for travel and outdoor activities.", "price": "19.99", "cover_image": "image/product/travel_basic_first_aid_kit.jpg", "quantity": 350, "weight": 0.8, "tags": []}}, {"model": "product.product", "pk": 233, "fields": {"created_at": "2025-02-21T13:22:39.551Z", "updated_at": "2025-02-21T13:22:39.551Z", "category": 107, "title": "Advanced Home First Aid Kit", "description": "Extended supplies for home emergencies with additional medical tools.", "price": "39.99", "cover_image": "image/product/advanced_home_first_aid_kit.jpg", "quantity": 250, "weight": 1.2, "tags": []}}, {"model": "product.product", "pk": 234, "fields": {"created_at": "2025-02-21T13:22:39.551Z", "updated_at": "2025-02-21T13:22:39.551Z", "category": 107, "title": "Advanced Travel First Aid Kit", "description": "Enhanced first aid kit for travel with extra supplies.", "price": "34.99", "cover_image": "image/product/advanced_travel_first_aid_kit.jpg", "quantity": 220, "weight": 1.1, "tags": []}}, {"model": "product.product", "pk": 235, "fields": {"created_at": "2025-02-21T13:22:39.555Z", "updated_at": "2025-02-21T13:22:39.555Z", "category": 108, "title": "Compact Travel First Aid Kit", "description": "Lightweight and compact kit for travel emergencies.", "price": "29.99", "cover_image": "image/product/compact_travel_first_aid_kit.jpg", "quantity": 320, "weight": 0.9, "tags": []}}, {"model": "product.product", "pk": 236, "fields": {"created_at": "2025-02-21T13:22:39.555Z", "updated_at": "2025-02-21T13:22:39.555Z", "category": 108, "title": "Portable Travel First Aid Kit", "description": "Portable kit designed for travel with essential supplies.", "price": "27.99", "cover_image": "image/product/portable_travel_first_aid_kit.jpg", "quantity": 300, "weight": 0.85, "tags": []}}, {"model": "product.product", "pk": 237, "fields": {"created_at": "2025-02-21T13:22:39.558Z", "updated_at": "2025-02-21T13:22:39.558Z", "category": 109, "title": "Industrial Grade First Aid Kit", "description": "Robust first aid kit designed for industrial and workplace safety.", "price": "89.99", "cover_image": "image/product/industrial_first_aid_kit.jpg", "quantity": 150, "weight": 2.5, "tags": []}}, {"model": "product.product", "pk": 238, "fields": {"created_at": "2025-02-21T13:22:39.558Z", "updated_at": "2025-02-21T13:22:39.558Z", "category": 109, "title": "Heavy-Duty Industrial First Aid Kit", "description": "Comprehensive kit for industrial settings with extra supplies.", "price": "99.99", "cover_image": "image/product/heavy_duty_industrial_first_aid_kit.jpg", "quantity": 120, "weight": 2.8, "tags": []}}, {"model": "product.product", "pk": 239, "fields": {"created_at": "2025-02-21T13:22:39.564Z", "updated_at": "2025-02-21T13:22:39.564Z", "category": 110, "title": "USB Digital Microscope", "description": "High-resolution USB microscope for computer connectivity.", "price": "149.99", "cover_image": "image/product/usb_digital_microscope.jpg", "quantity": 60, "weight": 2.0, "tags": []}}, {"model": "product.product", "pk": 240, "fields": {"created_at": "2025-02-21T13:22:39.564Z", "updated_at": "2025-02-21T13:22:39.564Z", "category": 110, "title": "Portable Digital Microscope", "description": "Compact digital microscope ideal for field research.", "price": "129.99", "cover_image": "image/product/portable_digital_microscope.jpg", "quantity": 70, "weight": 1.8, "tags": []}}, {"model": "product.product", "pk": 241, "fields": {"created_at": "2025-02-21T13:22:39.567Z", "updated_at": "2025-02-21T13:22:39.567Z", "category": 111, "title": "Advanced Research Microscope", "description": "High-end microscope with oil immersion and LED lighting.", "price": "899.99", "cover_image": "image/product/advanced_research_microscope.jpg", "quantity": 20, "weight": 8.5, "tags": []}}, {"model": "product.product", "pk": 242, "fields": {"created_at": "2025-02-21T13:22:39.567Z", "updated_at": "2025-02-21T13:22:39.567Z", "category": 111, "title": "Professional Biological Microscope", "description": "Microscope designed for professional biological research.", "price": "799.99", "cover_image": "image/product/professional_bio_microscope.jpg", "quantity": 25, "weight": 7.8, "tags": []}}, {"model": "product.product", "pk": 243, "fields": {"created_at": "2025-02-21T13:22:39.571Z", "updated_at": "2025-02-21T13:22:39.571Z", "category": 112, "title": "Budget USB Microscope", "description": "Affordable USB microscope for basic research and education.", "price": "99.99", "cover_image": "image/product/budget_usb_microscope.jpg", "quantity": 80, "weight": 1.5, "tags": []}}, {"model": "product.product", "pk": 244, "fields": {"created_at": "2025-02-21T13:22:39.571Z", "updated_at": "2025-02-21T13:22:39.571Z", "category": 112, "title": "High-Res USB Microscope", "description": "USB microscope with high resolution and clear imaging.", "price": "129.99", "cover_image": "image/product/high_res_usb_microscope.jpg", "quantity": 70, "weight": 1.7, "tags": []}}, {"model": "product.product", "pk": 245, "fields": {"created_at": "2025-02-21T13:22:39.574Z", "updated_at": "2025-02-21T13:22:39.574Z", "category": 113, "title": "Basic Student Microscope", "description": "Simple microscope ideal for educational purposes.", "price": "59.99", "cover_image": "image/product/basic_student_microscope.jpg", "quantity": 100, "weight": 2.0, "tags": []}}, {"model": "product.product", "pk": 246, "fields": {"created_at": "2025-02-21T13:22:39.574Z", "updated_at": "2025-02-21T13:22:39.574Z", "category": 113, "title": "Portable Student Microscope", "description": "Lightweight and portable microscope designed for students.", "price": "69.99", "cover_image": "image/product/portable_student_microscope.jpg", "quantity": 90, "weight": 1.8, "tags": []}}, {"model": "product.product", "pk": 247, "fields": {"created_at": "2025-02-21T13:22:39.579Z", "updated_at": "2025-02-21T13:22:39.579Z", "category": 114, "title": "Pack of Disposable Scalpel Blades", "description": "Pack of 50 sterile disposable scalpel blades.", "price": "15.99", "cover_image": "image/product/disposable_scalpel_blades.jpg", "quantity": 500, "weight": 0.5, "tags": []}}, {"model": "product.product", "pk": 248, "fields": {"created_at": "2025-02-21T13:22:39.579Z", "updated_at": "2025-02-21T13:22:39.579Z", "category": 114, "title": "Premium Disposable Scalpel Blades", "description": "High-quality disposable blades for surgical precision.", "price": "18.99", "cover_image": "image/product/premium_scalpel_blades.jpg", "quantity": 450, "weight": 0.5, "tags": []}}, {"model": "product.product", "pk": 249, "fields": {"created_at": "2025-02-21T13:22:39.583Z", "updated_at": "2025-02-21T13:22:39.583Z", "category": 115, "title": "Standard Surgical Scalpel", "description": "Reliable surgical scalpel for general procedures.", "price": "25.99", "cover_image": "image/product/standard_surgical_scalpel.jpg", "quantity": 300, "weight": 0.3, "tags": []}}, {"model": "product.product", "pk": 250, "fields": {"created_at": "2025-02-21T13:22:39.583Z", "updated_at": "2025-02-21T13:22:39.583Z", "category": 115, "title": "Precision Surgical Scalpel", "description": "Precision scalpel designed for delicate surgical operations.", "price": "29.99", "cover_image": "image/product/precision_surgical_scalpel.jpg", "quantity": 280, "weight": 0.35, "tags": []}}, {"model": "product.product", "pk": 251, "fields": {"created_at": "2025-02-21T13:22:39.586Z", "updated_at": "2025-02-21T13:22:39.586Z", "category": 116, "title": "Stainless Steel Scalpel", "description": "Durable stainless steel scalpel for repeated use.", "price": "27.99", "cover_image": "image/product/stainless_steel_scalpel.jpg", "quantity": 320, "weight": 0.32, "tags": []}}, {"model": "product.product", "pk": 252, "fields": {"created_at": "2025-02-21T13:22:39.586Z", "updated_at": "2025-02-21T13:22:39.586Z", "category": 116, "title": "Premium Stainless Steel Scalpel", "description": "High-grade stainless steel scalpel with ergonomic handle.", "price": "31.99", "cover_image": "image/product/premium_stainless_scalpel.jpg", "quantity": 300, "weight": 0.35, "tags": []}}, {"model": "product.product", "pk": 253, "fields": {"created_at": "2025-02-21T13:22:39.590Z", "updated_at": "2025-02-21T13:22:39.590Z", "category": 117, "title": "Sterile Scalpel Blade Pack", "description": "Pack of 50 sterile scalpel blades for surgical use.", "price": "16.99", "cover_image": "image/product/sterile_scalpel_blade_pack.jpg", "quantity": 400, "weight": 0.5, "tags": []}}, {"model": "product.product", "pk": 254, "fields": {"created_at": "2025-02-21T13:22:39.590Z", "updated_at": "2025-02-21T13:22:39.590Z", "category": 117, "title": "Extra Sterile Scalpel Blades", "description": "Pack of 100 ultra-sterile scalpel blades.", "price": "29.99", "cover_image": "image/product/extra_sterile_scalpel_blades.jpg", "quantity": 350, "weight": 0.5, "tags": []}}, {"model": "product.product", "pk": 255, "fields": {"created_at": "2025-02-21T13:22:39.594Z", "updated_at": "2025-02-21T13:22:39.594Z", "category": 118, "title": "Portable ECG Monitor Pro", "description": "Compact ECG monitor with wireless data transmission.", "price": "199.99", "cover_image": "image/product/portable_ecg_monitor_pro.jpg", "quantity": 40, "weight": 2.8, "tags": []}}, {"model": "product.product", "pk": 256, "fields": {"created_at": "2025-02-21T13:22:39.594Z", "updated_at": "2025-02-21T13:22:39.594Z", "category": 118, "title": "Portable ECG Monitor Lite", "description": "Light and portable ECG monitor for everyday use.", "price": "149.99", "cover_image": "image/product/portable_ecg_monitor_lite.jpg", "quantity": 50, "weight": 2.5, "tags": []}}, {"model": "product.product", "pk": 257, "fields": {"created_at": "2025-02-21T13:22:39.598Z", "updated_at": "2025-02-21T13:22:39.598Z", "category": 119, "title": "Wireless Heart Rate Monitor", "description": "Bluetooth-enabled heart rate monitor with real-time tracking.", "price": "99.99", "cover_image": "image/product/wireless_heart_rate_monitor.jpg", "quantity": 80, "weight": 1.2, "tags": []}}, {"model": "product.product", "pk": 258, "fields": {"created_at": "2025-02-21T13:22:39.598Z", "updated_at": "2025-02-21T13:22:39.598Z", "category": 119, "title": "Chest Strap Heart Rate Monitor", "description": "Accurate heart rate monitoring with a comfortable chest strap.", "price": "89.99", "cover_image": "image/product/chest_strap_heart_rate_monitor.jpg", "quantity": 90, "weight": 1.1, "tags": []}}, {"model": "product.product", "pk": 259, "fields": {"created_at": "2025-02-21T13:22:39.602Z", "updated_at": "2025-02-21T13:22:39.602Z", "category": 120, "title": "Digital Blood Pressure Monitor", "description": "Easy-to-use digital blood pressure monitor with large display.", "price": "79.99", "cover_image": "image/product/digital_bp_monitor.jpg", "quantity": 100, "weight": 1.3, "tags": []}}, {"model": "product.product", "pk": 260, "fields": {"created_at": "2025-02-21T13:22:39.602Z", "updated_at": "2025-02-21T13:22:39.602Z", "category": 120, "title": "Arm Cuff Blood Pressure Monitor", "description": "Accurate arm cuff monitor for home blood pressure tracking.", "price": "69.99", "cover_image": "image/product/arm_cuff_bp_monitor.jpg", "quantity": 110, "weight": 1.2, "tags": []}}]